Jam Tidur,Kualitas Tidur,Bergadang,Kafein,Frekuensi Makan,Konsumsi Air,Screen Time,Aktivitas,Catatan,Mood,Stress Level
4.1,1,Tidak,Tidak,1,1.3,4.3,meeting,sakit gigi,0,4
4.3,1,Tidak,Tidak,2,0.9,9.2,dating,sial,0,4
5.3,1,Ya,Tidak,4,0.8,8.4,nonton,sial,0,4
5.0,3,Tidak,Tidak,4,0.8,8.6,tiduran,sakit hati,0,4
4.3,3,Tidak,Tidak,1,1.8,8.5,scroll hp,banyak tugas,0,4
4.0,2,Tidak,Tidak,3,2.8,9.5,scroll hp,-,0,3
5.6,0,Ya,Ya,2,2.4,8.5,nugas,gajian,0,4
4.2,1,Tidak,Tidak,5,0.5,7.5,jalan-jalan,ketiban sial,0,4
6.8,0,Ya,Tidak,2,3.3,9.0,nugas,mimpi buruk,0,4
6.2,2,Tidak,Ya,4,0.7,8.4,meeting,sakit hati,0,4
5.4,2,Ya,Tidak,1,2.0,9.5,kerja,galau,0,4
4.6,1,Ya,Ya,4,0.5,4.7,meeting,sakit hati,0,4
4.3,0,Ya,Tidak,5,0.8,9.3,meeting,dapat gaji,0,4
4.5,4,Ya,Tidak,1,1.8,9.8,scroll hp,mimpi buruk,0,4
4.8,0,Tidak,Tidak,1,0.6,8.1,scroll hp,banyak tugas,0,4
4.7,0,Tidak,Ya,1,0.7,7.9,dating,sakit hati,0,4
4.0,1,Tidak,Tidak,1,0.8,4.4,scroll hp,sakit gigi,0,4
4.1,0,Tidak,Tidak,1,0.6,9.7,jalan-jalan,dapat uang,0,4
5.0,0,Ya,Tidak,1,1.2,8.7,masak,-,0,4
5.4,5,Ya,Tidak,1,0.7,6.4,meeting,galau,0,4
4.8,2,Ya,Ya,5,1.5,9.1,meeting,sakit kepala,0,4
4.2,1,Ya,Ya,2,2.2,9.2,jalan-jalan,mimpi buruk,0,4
4.1,1,Tidak,Tidak,1,1.3,7.1,kencan,sakit perut,0,4
4.3,0,Tidak,Tidak,2,1.9,3.8,nonton,mual,0,4
4.3,4,Tidak,Ya,5,0.5,9.7,nugas,-,0,4
4.6,0,Tidak,Tidak,2,1.3,8.6,nugas,-,0,4
4.1,0,Ya,Tidak,3,2.6,5.5,nugas,ketiban sial,0,4
4.6,1,Ya,Tidak,3,1.0,7.7,olahraga,mual,0,4
4.0,0,Tidak,Tidak,3,2.3,7.2,tiduran,sakit kepala,0,4
4.8,0,Tidak,Tidak,2,0.8,5.1,hobi,ketiban sial,0,4
4.6,1,Ya,Ya,1,1.8,9.8,dating,bahagia,0,4
5.0,0,Tidak,Ya,1,2.0,8.0,nugas,mimpi buruk,0,4
4.0,1,Ya,Ya,1,1.4,6.5,olahraga,sakit gigi,0,4
6.3,2,Tidak,Tidak,1,0.5,6.1,tiduran,mual,0,4
4.6,0,Ya,Tidak,1,1.3,8.1,scroll hp,senang,0,4
4.6,0,Ya,Tidak,1,1.1,7.1,meeting,sakit kepala,0,4
4.1,4,Ya,Ya,1,1.3,3.5,nugas,sakit kepala,0,4
4.6,2,Ya,Tidak,2,1.8,9.4,meeting,happy,0,4
4.9,1,Ya,Ya,5,2.2,6.8,nonton,sakit kepala,0,4
4.4,0,Ya,Ya,1,1.6,9.2,dating,mimpi buruk,0,4
4.5,0,Ya,Tidak,2,0.7,6.2,masak,bahagia,0,4
4.2,1,Tidak,Tidak,1,0.9,6.0,masak,diputusin,0,4
4.3,4,Ya,Tidak,4,2.6,6.7,nugas,kena sial,0,4
4.9,0,Tidak,Ya,1,1.0,6.3,scroll hp,dapat gaji,0,4
5.3,3,Ya,Ya,2,0.9,9.5,scroll hp,banyak tugas,0,4
4.3,2,Tidak,Tidak,1,2.9,8.8,tiduran,sakit kepala,0,4
4.1,0,Tidak,Tidak,2,1.3,8.8,nonton,dapat gaji,0,4
4.0,3,Ya,Ya,2,0.9,8.1,scroll hp,sakit perut,0,4
5.8,2,Tidak,Ya,2,0.9,7.9,scroll hp,senang,0,4
5.9,0,Tidak,Tidak,5,0.9,7.9,scroll hp,sakit gigi,0,4
4.9,4,Ya,Tidak,1,0.9,6.5,kerja,galau,0,4
5.8,2,Ya,Ya,1,1.2,7.3,kerja,mimpi buruk,0,4
4.7,5,Ya,Tidak,2,0.6,6.2,scroll hp,banyak tugas,0,4
5.9,0,Ya,Ya,1,2.8,8.4,scroll hp,galau,0,4
5.5,1,Ya,Ya,1,0.7,7.0,meeting,mendapatkan gaji,0,4
4.8,2,Ya,Tidak,5,1.9,9.4,masak,mual,0,4
4.1,3,Ya,Tidak,3,2.0,9.4,nugas,sakit gigi,0,4
6.2,3,Tidak,Tidak,2,1.3,9.3,scroll hp,mual,0,4
4.9,1,Ya,Ya,5,2.9,7.4,nugas,mimpi buruk,0,4
5.3,2,Ya,Ya,2,1.6,7.3,scroll hp,gajian,0,4
5.7,1,Ya,Tidak,2,3.1,9.8,dating,mual,0,4
4.0,1,Tidak,Ya,1,0.6,5.0,kencan,sakit gigi,0,4
5.4,2,Tidak,Ya,2,2.8,9.9,scroll hp,ketiban sial,0,4
4.1,0,Ya,Tidak,2,2.1,9.6,kerja,happy,0,4
4.8,0,Ya,Ya,2,0.5,9.9,kencan,dapat uang,0,4
6.1,2,Ya,Ya,1,1.7,9.6,nugas,sial,0,4
4.6,1,Tidak,Tidak,3,1.8,6.5,tiduran,sial,0,4
4.9,0,Ya,Tidak,5,0.9,6.4,kerja,jadian,0,4
5.1,1,Tidak,Tidak,1,0.9,6.0,tiduran,sakit gigi,0,4
5.0,0,Ya,Tidak,1,1.9,4.7,nugas,mual,0,4
4.0,3,Ya,Tidak,4,0.8,8.7,kerja,galau,0,4
6.6,0,Ya,Tidak,5,0.7,8.9,scroll hp,kena sial,0,4
6.7,0,Ya,Tidak,3,1.7,9.7,tiduran,sakit gigi,0,4
5.7,2,Ya,Tidak,2,1.6,9.3,hobi,sakit kepala,0,4
4.0,0,Ya,Ya,5,2.9,5.8,meeting,mimpi buruk,0,4
4.0,0,Ya,Ya,3,0.8,3.6,olahraga,sakit hati,0,4
4.0,1,Ya,Ya,5,1.3,9.8,tiduran,banyak tugas,0,4
4.1,4,Ya,Ya,4,2.5,9.7,scroll hp,mimpi buruk,0,4
6.5,1,Ya,Ya,1,3.1,9.1,scroll hp,mual,0,4
4.1,0,Tidak,Ya,5,0.5,5.3,nugas,sakit kepala,0,4
4.2,1,Tidak,Tidak,5,1.2,8.5,dating,diputusin,0,4
4.5,4,Ya,Tidak,2,1.7,7.9,nonton,banyak tugas,0,4
6.1,0,Ya,Ya,1,3.1,9.7,nonton,sakit gigi,0,4
7.0,0,Tidak,Ya,2,1.7,9.8,nonton,kena sial,0,4
4.1,4,Tidak,Ya,3,0.8,9.6,meeting,sakit perut,0,4
4.5,2,Ya,Tidak,3,1.8,7.3,meeting,sial,0,4
7.2,3,Ya,Ya,2,0.8,9.0,nugas,sial,0,4
6.3,0,Ya,Ya,2,0.8,8.8,tiduran,sakit perut,0,4
5.2,0,Ya,Tidak,2,1.1,6.5,meeting,jadian,0,4
5.5,4,Ya,Ya,2,2.2,8.9,scroll hp,kena sial,0,4
7.9,0,Tidak,Ya,1,0.9,9.6,nonton,diputusin,0,4
5.9,0,Tidak,Tidak,4,0.7,9.7,hobi,sakit perut,0,4
5.0,2,Ya,Ya,2,2.3,8.4,meeting,sakit perut,0,4
4.7,3,Ya,Tidak,3,1.8,9.3,olahraga,sakit perut,0,3
5.1,0,Tidak,Tidak,3,0.9,8.9,jalan-jalan,sakit gigi,0,4
4.5,0,Ya,Tidak,1,1.7,4.7,nonton,kena sial,0,4
5.5,2,Ya,Ya,2,1.9,3.2,scroll hp,sakit kepala,0,4
4.8,4,Ya,Tidak,2,1.7,6.8,nugas,ketiban sial,0,4
5.8,1,Ya,Ya,3,0.8,7.1,jalan-jalan,sakit gigi,0,4
4.2,1,Ya,Ya,2,3.4,6.0,nugas,diputusin,0,4
4.6,2,Ya,Ya,2,1.6,9.7,jalan-jalan,sakit kepala,0,4
7.5,1,Tidak,Tidak,2,1.2,7.9,scroll hp,sakit gigi,0,4
4.3,1,Ya,Tidak,3,2.4,8.3,meeting,mimpi buruk,0,4
4.4,1,Ya,Tidak,3,2.5,9.4,tiduran,galau,0,4
4.2,0,Tidak,Tidak,1,1.6,6.1,hobi,galau,0,4
4.3,4,Ya,Tidak,1,2.9,8.2,tiduran,kena sial,0,4
5.3,3,Ya,Tidak,2,1.9,9.3,nonton,sakit kepala,0,4
4.1,0,Ya,Ya,1,1.5,8.9,kerja,mendapatkan gaji,0,4
4.2,5,Ya,Ya,1,1.8,7.6,nugas,sakit hati,0,4
4.6,1,Tidak,Ya,1,3.3,9.5,meeting,sakit kepala,0,4
4.4,0,Ya,Tidak,5,1.2,7.0,kerja,sakit gigi,0,4
5.7,5,Ya,Tidak,3,1.7,9.2,scroll hp,mimpi buruk,0,4
4.8,1,Ya,Tidak,3,0.6,7.9,hobi,sakit kepala,0,4
5.6,1,Tidak,Tidak,1,1.9,9.3,tiduran,sakit perut,0,4
5.3,0,Ya,Tidak,2,3.2,4.7,scroll hp,ketiban sial,0,4
4.0,0,Ya,Tidak,5,3.3,7.0,olahraga,mual,0,4
6.1,0,Ya,Tidak,2,0.8,9.7,jalan-jalan,sial,0,4
4.6,2,Ya,Tidak,5,0.8,7.7,masak,sial,0,4
5.9,2,Ya,Tidak,4,1.6,9.8,kerja,diputusin,0,4
4.9,0,Ya,Tidak,2,1.7,7.7,olahraga,mual,0,4
4.8,1,Ya,Ya,2,2.3,7.3,masak,sakit hati,0,4
4.3,2,Tidak,Tidak,1,1.8,8.3,nonton,sakit gigi,0,4
4.4,3,Ya,Tidak,5,1.8,5.6,scroll hp,kena sial,0,4
6.5,0,Ya,Tidak,1,1.5,7.3,meeting,sial,0,4
4.1,5,Ya,Tidak,2,1.7,9.6,scroll hp,-,0,4
6.7,0,Ya,Ya,5,1.2,9.9,scroll hp,sakit perut,0,4
5.0,3,Ya,Ya,2,1.8,7.9,tiduran,diputusin,0,4
4.1,1,Ya,Tidak,1,3.0,8.4,kerja,diputusin,0,4
4.9,0,Ya,Tidak,5,0.5,9.5,scroll hp,mimpi buruk,0,4
5.2,3,Ya,Tidak,4,1.9,8.2,tiduran,kena sial,0,4
4.4,0,Ya,Ya,4,3.1,9.6,scroll hp,galau,0,4
4.5,0,Ya,Ya,5,2.2,9.8,kerja,sakit hati,0,4
5.3,1,Ya,Tidak,2,1.1,10.0,kerja,gajian,0,4
4.6,2,Ya,Tidak,2,0.7,8.8,olahraga,jadian,0,4
4.1,1,Ya,Ya,5,2.0,7.7,dating,sakit perut,0,4
4.2,0,Tidak,Ya,4,0.9,9.2,tiduran,sial,0,4
4.1,2,Ya,Ya,1,1.3,9.2,jalan-jalan,galau,0,4
4.4,1,Tidak,Tidak,2,1.3,7.3,dating,ketiban sial,0,4
5.5,0,Ya,Tidak,2,2.6,8.2,meeting,mimpi buruk,0,4
4.4,3,Ya,Tidak,2,1.5,9.9,nugas,mual,0,4
5.1,0,Tidak,Ya,2,3.4,9.5,kencan,sakit perut,0,4
6.0,0,Tidak,Tidak,4,1.8,8.0,scroll hp,-,0,4
5.4,0,Ya,Tidak,5,0.6,5.4,tiduran,mual,0,4
6.0,1,Ya,Tidak,2,0.8,7.1,scroll hp,bahagia,0,4
6.1,0,Tidak,Tidak,4,1.2,8.1,nonton,mimpi buruk,0,4
4.6,5,Tidak,Tidak,1,0.9,6.5,meeting,kena sial,0,4
5.8,2,Ya,Tidak,1,2.3,9.8,tiduran,kena sial,0,4
5.4,0,Ya,Tidak,2,2.7,9.3,meeting,diputusin,0,4
6.1,0,Ya,Ya,1,1.3,9.5,meeting,mimpi buruk,0,4
4.8,1,Tidak,Ya,1,0.7,8.1,masak,sial,0,4
4.4,3,Tidak,Ya,1,1.1,9.3,kerja,ketiban sial,0,4
4.5,3,Ya,Tidak,2,1.2,8.2,nugas,mendapatkan gaji,0,4
5.2,5,Ya,Ya,2,1.2,9.4,nugas,galau,0,4
5.5,1,Ya,Tidak,1,1.2,5.3,nugas,galau,0,4
5.5,0,Tidak,Tidak,2,3.4,10.0,olahraga,mual,0,4
5.3,0,Ya,Tidak,2,1.4,7.3,nonton,gajian,0,4
7.4,0,Ya,Tidak,1,0.9,8.6,nugas,jadian,0,4
4.7,0,Ya,Ya,2,2.1,7.8,hobi,ketiban sial,0,4
5.6,1,Ya,Ya,2,1.6,7.2,meeting,sakit perut,0,4
4.9,2,Ya,Ya,4,1.5,7.8,scroll hp,banyak tugas,0,4
4.9,2,Tidak,Ya,1,2.9,8.3,nugas,mimpi buruk,0,4
4.6,2,Tidak,Ya,2,0.6,4.2,scroll hp,sakit gigi,0,4
5.8,3,Ya,Ya,2,0.6,8.0,scroll hp,sial,0,4
4.1,5,Ya,Ya,3,0.8,6.2,scroll hp,ketiban sial,0,4
7.6,0,Tidak,Ya,5,0.5,9.0,nugas,sakit kepala,0,4
4.0,2,Tidak,Tidak,4,0.7,6.1,dating,galau,0,4
5.6,0,Tidak,Tidak,5,0.6,7.8,olahraga,sakit gigi,0,4
4.3,0,Ya,Tidak,1,2.9,8.5,nugas,nyaman,0,4
5.7,2,Ya,Tidak,1,1.7,8.4,tiduran,sakit gigi,0,4
5.2,1,Ya,Ya,1,2.6,7.4,nonton,galau,0,4
5.6,2,Ya,Tidak,3,0.9,7.6,scroll hp,banyak tugas,0,4
4.6,5,Ya,Tidak,3,1.9,6.7,nugas,diputusin,0,4
4.3,5,Ya,Tidak,2,2.9,10.0,nonton,mual,0,3
4.5,0,Ya,Tidak,3,0.8,2.6,nugas,kena sial,0,4
4.1,0,Ya,Tidak,4,2.1,8.7,nugas,dapat uang,0,4
5.4,0,Tidak,Ya,1,1.9,7.8,kencan,ketiban sial,0,4
4.8,1,Ya,Tidak,5,1.1,8.7,nugas,sakit kepala,0,4
4.1,3,Ya,Tidak,2,0.7,7.7,scroll hp,happy,0,4
6.3,0,Tidak,Ya,2,0.9,8.7,meeting,mual,0,4
4.0,0,Ya,Tidak,5,2.7,9.2,kerja,mimpi buruk,0,4
4.6,0,Ya,Ya,2,0.5,4.6,hobi,sakit perut,0,4
5.4,1,Ya,Ya,4,0.8,8.3,kerja,sakit hati,0,4
4.3,5,Ya,Tidak,3,1.5,9.1,scroll hp,mimpi buruk,0,4
4.0,3,Ya,Tidak,3,1.6,7.2,tiduran,mimpi buruk,0,4
4.0,4,Ya,Tidak,3,0.9,9.0,dating,mimpi buruk,0,4
6.6,0,Ya,Tidak,5,0.6,7.5,kerja,mual,0,4
4.4,1,Ya,Tidak,3,1.1,6.9,olahraga,sakit gigi,0,4
4.9,2,Ya,Ya,5,1.0,6.1,meeting,sakit hati,0,4
5.6,0,Ya,Tidak,1,3.0,9.1,nugas,mimpi buruk,0,4
4.0,2,Ya,Tidak,4,1.3,7.5,jalan-jalan,sakit kepala,0,4
4.6,1,Ya,Tidak,5,0.8,6.3,meeting,mendapatkan gaji,0,4
5.3,2,Ya,Tidak,5,1.7,7.5,tiduran,diputusin,0,4
4.2,2,Ya,Tidak,2,2.3,8.4,scroll hp,dapat gaji,0,4
4.3,2,Ya,Ya,1,1.7,5.8,scroll hp,sakit gigi,0,4
4.7,0,Ya,Ya,2,2.5,8.8,masak,galau,0,4
5.3,2,Ya,Tidak,1,2.3,7.4,kerja,mual,0,4
4.3,2,Tidak,Ya,1,0.8,5.0,kerja,sakit perut,0,4
4.4,1,Tidak,Tidak,5,0.9,9.5,jalan-jalan,diputusin,0,4
4.9,1,Ya,Ya,2,2.6,7.2,jalan-jalan,ketiban sial,0,4
4.1,5,Ya,Tidak,2,1.1,8.3,tiduran,galau,0,4
5.6,2,Ya,Tidak,3,0.7,9.3,nonton,sial,0,4
4.0,2,Ya,Tidak,3,1.1,8.4,nugas,sakit hati,0,4
4.5,4,Ya,Ya,3,1.1,9.2,kerja,mimpi buruk,0,4
5.2,0,Ya,Ya,5,0.7,9.0,hobi,galau,0,4
5.6,1,Ya,Ya,5,0.6,10.0,nugas,senang,0,4
4.1,2,Ya,Tidak,3,0.8,7.3,tiduran,dapat gaji,0,4
4.4,3,Ya,Ya,2,2.1,9.2,nonton,diputusin,0,4
4.6,4,Ya,Tidak,2,1.0,7.1,meeting,mual,0,4
5.4,3,Ya,Tidak,5,1.2,7.7,scroll hp,ketiban sial,0,4
4.7,1,Ya,Tidak,2,0.5,5.6,meeting,sakit kepala,0,4
5.0,1,Tidak,Ya,1,3.0,7.8,nugas,sakit perut,0,4
5.9,0,Tidak,Tidak,2,1.7,9.2,dating,galau,0,4
5.1,2,Ya,Ya,3,1.3,6.8,kerja,ketiban sial,0,4
4.4,1,Tidak,Ya,4,1.7,8.6,scroll hp,sakit kepala,0,4
5.1,4,Ya,Tidak,2,2.2,8.8,tiduran,mual,0,4
4.9,0,Ya,Tidak,2,0.8,2.6,tiduran,ketiban sial,0,4
5.1,0,Ya,Ya,2,3.3,9.0,jalan-jalan,mual,0,4
4.3,4,Ya,Tidak,1,1.1,9.6,scroll hp,dapat uang,0,4
5.0,0,Tidak,Tidak,1,2.4,9.0,scroll hp,dapat uang,0,4
4.9,1,Ya,Ya,2,0.9,8.3,kencan,gajian,0,4
5.3,2,Ya,Ya,1,0.8,6.1,olahraga,diputusin,0,4
4.7,3,Tidak,Ya,1,0.6,8.3,tiduran,mimpi buruk,0,4
5.2,0,Ya,Tidak,1,1.3,7.7,meeting,bahagia,0,4
4.0,4,Ya,Tidak,4,3.1,6.3,nugas,mual,0,4
4.8,3,Ya,Tidak,4,0.7,6.3,kencan,sial,0,4
4.1,4,Tidak,Ya,1,1.8,8.5,nugas,sakit hati,0,4
4.4,1,Ya,Tidak,2,2.9,8.7,nonton,sakit kepala,0,4
5.7,0,Ya,Ya,5,2.5,9.5,nonton,sakit kepala,0,4
4.7,0,Tidak,Tidak,4,1.0,8.5,olahraga,sakit perut,0,4
5.1,0,Ya,Ya,1,3.1,6.1,kencan,sakit hati,0,4
5.3,0,Tidak,Tidak,4,0.8,6.6,kerja,sakit kepala,0,4
5.7,1,Ya,Tidak,3,0.7,6.8,hobi,kena sial,0,4
5.1,1,Tidak,Ya,1,0.7,5.6,nugas,banyak tugas,0,4
6.6,0,Ya,Ya,2,0.5,3.4,nugas,mual,0,4
5.2,0,Ya,Tidak,5,1.4,9.9,nonton,mimpi buruk,0,4
5.9,0,Ya,Ya,1,2.5,9.1,nugas,sakit gigi,0,4
5.9,2,Ya,Ya,2,1.8,7.5,nonton,mual,0,4
4.1,1,Tidak,Tidak,4,1.2,8.2,dating,sial,0,4
4.4,3,Ya,Ya,2,0.9,8.6,masak,sakit gigi,0,4
4.4,1,Ya,Ya,2,3.4,9.8,tiduran,galau,0,4
6.9,0,Ya,Ya,5,0.9,6.9,tiduran,diputusin,0,4
5.3,0,Tidak,Tidak,2,1.0,6.0,tiduran,sakit perut,0,4
5.4,0,Tidak,Tidak,1,1.4,7.0,olahraga,ketiban sial,0,4
4.2,3,Ya,Ya,2,3.4,9.0,nugas,happy,0,3
5.1,0,Ya,Tidak,2,0.5,9.1,kerja,sial,0,4
4.9,5,Ya,Tidak,4,0.5,7.0,scroll hp,sakit perut,0,4
6.6,2,Tidak,Ya,1,1.5,9.4,nugas,sakit kepala,0,4
4.6,1,Ya,Tidak,4,2.6,9.9,scroll hp,-,0,4
5.0,1,Ya,Ya,4,1.6,7.6,nugas,sakit hati,0,4
4.3,4,Ya,Tidak,5,1.9,7.4,kerja,galau,0,4
5.1,1,Ya,Tidak,4,2.4,8.3,nugas,galau,0,4
5.1,1,Ya,Ya,1,0.7,3.2,scroll hp,ketiban sial,0,4
6.5,3,Ya,Tidak,2,0.9,7.5,tiduran,mual,0,4
6.2,0,Tidak,Tidak,4,0.9,7.5,nonton,mual,0,4
5.5,1,Tidak,Tidak,2,1.5,7.5,tiduran,ketiban sial,0,4
4.5,1,Ya,Tidak,1,3.4,9.2,dating,sakit hati,0,4
4.1,0,Tidak,Ya,3,0.9,6.3,scroll hp,dapat uang,0,4
4.5,3,Ya,Ya,2,3.2,6.9,scroll hp,sakit gigi,0,4
4.1,0,Tidak,Tidak,3,0.8,7.0,nugas,sakit perut,0,4
6.1,2,Ya,Tidak,3,0.7,8.7,nonton,sakit kepala,0,4
4.9,0,Ya,Tidak,2,3.3,8.4,nugas,sakit gigi,0,4
4.8,1,Tidak,Tidak,4,0.8,9.4,nugas,sakit gigi,0,4
5.1,2,Tidak,Ya,5,0.5,6.7,nugas,galau,0,4
4.4,1,Ya,Tidak,4,2.8,8.9,scroll hp,sakit gigi,0,4
4.6,0,Tidak,Ya,1,3.2,7.7,nugas,mual,0,4
5.6,0,Ya,Ya,2,2.6,9.7,masak,galau,0,4
5.8,4,Ya,Ya,1,0.9,9.1,scroll hp,ketiban sial,0,4
5.4,0,Tidak,Ya,2,1.3,6.7,meeting,galau,0,4
4.2,0,Ya,Ya,4,1.3,8.7,hobi,galau,0,4
4.1,1,Tidak,Tidak,2,3.4,9.5,hobi,ketiban sial,0,4
5.1,2,Tidak,Tidak,4,1.5,9.5,scroll hp,mimpi buruk,0,4
4.8,0,Ya,Tidak,1,3.1,5.2,nonton,sial,0,4
4.0,3,Ya,Tidak,4,0.8,8.5,nugas,sial,0,4
4.5,2,Ya,Tidak,4,0.8,4.1,meeting,sakit hati,0,4
5.8,1,Ya,Ya,3,2.5,6.6,nugas,sakit hati,0,4
5.0,2,Tidak,Ya,1,0.8,9.6,jalan-jalan,ketiban sial,0,4
5.0,1,Tidak,Tidak,5,0.6,8.9,hobi,sakit gigi,0,4
4.6,2,Ya,Tidak,5,2.8,8.9,kerja,kena sial,0,4
4.8,4,Tidak,Ya,2,0.9,7.7,nugas,sakit gigi,0,4
6.3,1,Tidak,Tidak,4,1.1,7.4,nugas,ketiban sial,0,4
4.5,2,Tidak,Tidak,4,2.9,7.0,nugas,ketiban sial,0,4
7.0,1,Ya,Tidak,3,0.6,9.0,nugas,mual,0,4
4.5,2,Ya,Tidak,2,2.1,9.6,hobi,diputusin,0,4
4.3,0,Ya,Ya,1,0.8,6.4,olahraga,-,0,4
4.4,0,Ya,Tidak,2,3.2,7.3,nonton,mendapatkan gaji,0,4
6.0,0,Ya,Tidak,1,2.8,7.9,nugas,sakit gigi,0,4
5.8,2,Ya,Tidak,4,2.4,7.2,scroll hp,sakit kepala,0,4
6.0,1,Tidak,Tidak,3,1.7,8.3,scroll hp,sakit perut,0,4
4.7,0,Ya,Tidak,1,1.1,9.1,nugas,senang,0,4
4.9,0,Tidak,Ya,5,3.1,8.7,meeting,mimpi buruk,0,4
4.0,0,Ya,Tidak,1,3.0,9.4,nugas,ketiban sial,0,4
4.1,4,Tidak,Tidak,4,1.8,8.2,nugas,sakit perut,0,4
4.9,2,Ya,Tidak,5,0.5,8.5,masak,diputusin,0,4
4.2,4,Tidak,Tidak,2,0.8,6.7,olahraga,sakit gigi,0,4
4.9,0,Ya,Ya,2,0.9,6.0,meeting,mual,0,4
4.2,3,Ya,Tidak,4,0.9,5.6,nonton,kena sial,0,4
5.6,2,Ya,Ya,2,0.5,3.7,scroll hp,sial,0,4
5.0,2,Tidak,Tidak,2,1.3,7.7,kerja,sakit perut,0,4
4.0,1,Tidak,Tidak,2,1.1,4.8,nonton,sakit hati,0,4
4.6,4,Ya,Tidak,4,1.4,9.4,scroll hp,mimpi buruk,0,4
4.6,5,Tidak,Ya,5,0.6,6.9,nugas,sakit perut,0,4
5.3,0,Ya,Ya,2,1.2,8.4,tiduran,mual,0,4
6.6,0,Tidak,Tidak,1,1.5,6.4,meeting,sakit hati,0,4
6.0,0,Tidak,Tidak,5,0.5,4.9,nugas,sial,0,4
4.0,5,Tidak,Ya,2,1.4,6.3,scroll hp,sakit kepala,0,4
4.7,0,Tidak,Tidak,3,0.5,8.1,nonton,gajian,0,4
4.6,1,Ya,Tidak,2,1.6,8.8,tiduran,sakit hati,0,4
5.7,1,Tidak,Tidak,4,1.0,9.6,meeting,mual,0,4
4.4,5,Tidak,Tidak,1,1.3,9.4,meeting,galau,0,3
4.2,0,Ya,Ya,5,2.2,10.0,dating,kena sial,0,4
4.5,3,Tidak,Tidak,5,1.8,7.7,scroll hp,sakit perut,0,4
4.6,0,Tidak,Tidak,1,1.9,7.7,masak,sakit kepala,0,4
4.1,1,Ya,Tidak,2,1.5,8.3,kerja,bahagia,0,4
4.8,5,Ya,Tidak,5,0.9,7.4,meeting,galau,0,4
4.2,1,Ya,Ya,1,0.8,8.9,dating,mual,0,4
4.6,1,Ya,Ya,5,2.4,6.3,nugas,kena sial,0,4
4.8,0,Ya,Ya,5,3.2,9.1,nugas,diputusin,0,4
4.7,0,Ya,Ya,2,2.0,9.6,nugas,senang,0,4
4.5,4,Ya,Tidak,3,2.9,7.1,nugas,sial,0,4
6.0,1,Ya,Ya,2,3.0,9.7,kerja,mimpi buruk,0,4
5.8,5,Ya,Ya,1,0.6,6.6,nonton,sakit hati,0,4
4.4,1,Ya,Ya,5,2.7,7.0,meeting,mimpi buruk,0,4
5.0,0,Ya,Ya,1,2.1,6.2,tiduran,galau,0,4
4.0,4,Ya,Tidak,1,1.8,9.4,meeting,kena sial,0,4
4.1,1,Ya,Ya,3,1.9,10.0,nonton,kena sial,0,4
6.3,1,Ya,Tidak,4,0.6,7.5,tiduran,kena sial,0,4
4.9,0,Ya,Tidak,3,1.2,8.6,dating,mimpi buruk,0,4
7.4,1,Tidak,Ya,2,1.1,7.1,nugas,galau,0,4
5.6,0,Ya,Tidak,4,2.2,8.4,scroll hp,ketiban sial,0,4
5.3,3,Tidak,Ya,2,1.9,8.8,scroll hp,sakit gigi,0,4
4.3,1,Tidak,Ya,4,0.5,4.7,scroll hp,sakit kepala,0,4
4.2,0,Ya,Ya,1,0.8,4.1,meeting,ketiban sial,0,4
5.4,1,Ya,Ya,3,1.6,9.7,tiduran,banyak tugas,0,4
5.9,0,Ya,Ya,2,0.9,9.7,nugas,nyaman,0,4
7.1,0,Ya,Tidak,1,1.8,8.9,nonton,sakit hati,0,4
4.2,2,Ya,Ya,5,1.5,4.3,nugas,galau,0,4
4.4,3,Tidak,Tidak,3,0.5,8.3,nonton,sakit hati,0,4
4.0,1,Tidak,Ya,1,2.4,8.3,nonton,sakit perut,0,4
5.3,1,Tidak,Ya,2,1.6,6.1,nugas,sakit perut,0,4
6.4,0,Tidak,Tidak,1,1.7,9.7,tiduran,kena sial,0,4
4.5,1,Tidak,Tidak,3,1.9,8.9,nugas,-,0,4
6.8,3,Tidak,Tidak,2,0.9,7.4,scroll hp,sakit hati,0,4
6.1,1,Tidak,Tidak,2,1.6,9.1,scroll hp,-,0,4
4.2,0,Ya,Ya,1,2.1,6.5,kerja,gajian,0,4
6.6,2,Tidak,Ya,1,0.7,6.5,meeting,sakit hati,0,4
4.4,2,Ya,Ya,2,3.1,5.0,scroll hp,sial,0,4
6.2,0,Tidak,Ya,1,0.6,4.1,nugas,sakit kepala,0,4
5.0,1,Ya,Tidak,3,1.9,9.8,nugas,galau,0,4
4.7,2,Ya,Tidak,2,0.9,9.8,jalan-jalan,sakit kepala,0,4
4.9,0,Ya,Tidak,3,1.8,9.5,jalan-jalan,banyak tugas,0,4
5.0,0,Ya,Ya,5,2.0,9.2,meeting,banyak tugas,0,4
4.7,3,Tidak,Ya,2,1.5,10.0,hobi,sakit kepala,0,3
4.1,1,Tidak,Tidak,5,1.7,9.9,scroll hp,mual,0,4
5.9,0,Ya,Tidak,5,0.7,7.7,meeting,happy,0,4
5.5,2,Tidak,Ya,1,2.7,9.1,nugas,sakit gigi,0,4
5.1,1,Tidak,Tidak,2,1.4,7.3,hobi,kena sial,0,4
8.0,0,Tidak,Ya,4,0.5,9.1,scroll hp,sakit kepala,0,4
4.3,0,Ya,Tidak,1,2.4,9.8,meeting,sakit kepala,0,4
5.8,2,Ya,Tidak,3,2.4,8.0,nugas,ketiban sial,0,4
4.3,1,Tidak,Tidak,3,1.3,5.0,nugas,kena sial,0,4
4.4,2,Tidak,Tidak,3,2.1,7.1,nugas,mimpi buruk,0,4
5.6,1,Tidak,Tidak,1,0.8,6.7,nonton,sakit perut,0,4
5.4,3,Tidak,Tidak,3,1.8,8.0,scroll hp,sakit gigi,0,4
4.3,4,Ya,Tidak,4,1.2,8.6,nugas,sakit kepala,0,4
7.3,0,Ya,Tidak,2,1.0,8.5,kerja,ketiban sial,0,4
7.1,0,Tidak,Ya,2,1.1,6.1,nugas,ketiban sial,0,4
4.4,1,Tidak,Ya,5,0.7,5.6,tiduran,ketiban sial,0,4
4.3,0,Ya,Tidak,2,2.2,7.7,meeting,sakit perut,0,4
6.6,0,Ya,Ya,2,0.5,10.0,scroll hp,nyaman,0,4
5.8,1,Ya,Tidak,4,0.6,6.1,dating,sakit hati,0,4
4.0,5,Tidak,Tidak,4,0.5,9.5,meeting,kena sial,0,3
5.1,0,Tidak,Ya,1,2.1,9.6,meeting,sakit hati,0,4
4.0,0,Tidak,Tidak,3,3.0,9.1,kerja,banyak tugas,0,4
6.7,0,Ya,Tidak,2,0.8,8.3,kerja,ketiban sial,0,4
4.0,1,Ya,Ya,4,0.7,6.6,scroll hp,sakit hati,0,4
6.3,1,Ya,Ya,1,1.2,7.1,nonton,ketiban sial,0,4
4.3,0,Ya,Tidak,4,3.3,6.7,meeting,kena sial,0,4
4.1,0,Tidak,Tidak,1,0.9,9.3,kencan,dapat gaji,0,4
5.3,1,Ya,Tidak,1,2.4,9.0,hobi,sakit hati,0,4
7.3,1,Tidak,Tidak,3,0.8,7.6,scroll hp,sakit kepala,0,4
6.1,1,Ya,Tidak,1,0.9,7.8,nonton,sakit gigi,0,4
4.7,2,Ya,Tidak,2,3.1,6.8,nonton,kena sial,0,4
4.8,0,Tidak,Ya,3,1.0,8.5,scroll hp,sakit gigi,0,4
5.3,3,Ya,Tidak,2,1.1,8.4,kerja,diputusin,0,4
4.8,3,Ya,Tidak,4,0.8,7.6,meeting,sial,0,4
4.4,1,Ya,Ya,3,0.9,9.3,olahraga,dapat gaji,0,4
6.4,1,Ya,Ya,2,1.2,9.9,nonton,kena sial,0,4
4.1,5,Ya,Tidak,4,0.6,7.6,dating,sial,0,3
5.6,0,Tidak,Ya,4,0.9,8.1,nonton,diputusin,0,4
4.9,2,Tidak,Tidak,2,0.6,8.0,scroll hp,diputusin,0,4
7.3,0,Ya,Tidak,5,0.7,8.4,scroll hp,mimpi buruk,0,4
4.9,0,Tidak,Tidak,5,0.5,6.5,nugas,sakit kepala,0,4
6.3,1,Tidak,Ya,4,0.9,9.0,scroll hp,diputusin,0,4
4.2,0,Tidak,Ya,3,0.6,8.9,olahraga,mual,0,4
5.0,3,Ya,Ya,2,0.8,9.8,scroll hp,bahagia,0,4
4.3,4,Ya,Tidak,4,1.0,8.2,nugas,banyak tugas,0,4
4.0,0,Ya,Ya,1,1.6,7.5,nugas,-,0,4
5.4,0,Tidak,Tidak,1,0.5,9.9,kencan,mual,0,4
4.1,1,Tidak,Tidak,4,1.8,9.7,meeting,sakit gigi,0,4
4.8,0,Ya,Tidak,4,1.4,5.1,nugas,sial,0,4
5.1,3,Tidak,Tidak,1,1.0,9.1,dating,sakit hati,1,3
5.9,0,Tidak,Tidak,4,1.2,8.7,olahraga,diputusin,1,4
6.0,1,Tidak,Ya,1,0.5,6.7,jalan-jalan,sakit gigi,1,4
4.8,1,Tidak,Tidak,4,1.0,5.7,nugas,mimpi buruk,1,4
6.2,0,Tidak,Ya,1,2.6,7.7,tiduran,sakit hati,1,4
4.2,0,Ya,Tidak,2,1.6,3.3,nonton,dapat gaji,1,4
8.3,0,Ya,Tidak,3,1.6,9.8,nugas,ketiban sial,1,4
5.5,4,Ya,Tidak,1,0.8,6.3,dating,diputusin,1,4
4.1,0,Tidak,Tidak,5,2.2,8.7,nugas,nyaman,1,4
5.3,1,Ya,Tidak,1,2.8,6.2,dating,mual,1,4
8.0,1,Tidak,Ya,4,0.7,8.8,tiduran,sakit gigi,1,4
5.2,5,Tidak,Ya,1,1.9,8.0,meeting,sakit gigi,1,3
4.2,1,Tidak,Ya,5,2.9,7.3,nonton,sakit gigi,1,4
4.5,2,Ya,Ya,2,0.8,7.3,hobi,mendapatkan gaji,1,4
6.4,1,Ya,Ya,3,1.4,7.7,meeting,mual,1,4
6.3,3,Tidak,Tidak,1,0.5,3.6,scroll hp,sakit perut,1,4
4.0,5,Ya,Tidak,4,0.9,3.8,scroll hp,diputusin,1,4
5.1,0,Tidak,Tidak,3,1.7,9.5,tiduran,senang,1,4
4.3,2,Tidak,Ya,4,1.3,7.2,meeting,-,1,4
5.5,1,Tidak,Tidak,1,1.2,5.4,meeting,sakit kepala,1,4
5.3,2,Ya,Tidak,1,0.9,4.9,olahraga,sakit gigi,1,4
4.6,3,Tidak,Ya,4,0.6,7.6,kencan,sakit perut,1,3
5.9,0,Tidak,Tidak,2,1.1,6.9,jalan-jalan,mimpi buruk,1,4
5.8,1,Ya,Tidak,3,2.3,9.0,kencan,sakit gigi,1,4
5.7,3,Tidak,Ya,4,0.7,6.2,scroll hp,-,1,4
5.0,1,Ya,Ya,3,3.0,8.4,scroll hp,banyak tugas,1,4
5.5,1,Ya,Ya,2,1.8,7.5,kerja,mimpi buruk,1,4
4.8,2,Ya,Ya,2,1.7,6.1,nonton,gajian,1,4
4.6,2,Ya,Tidak,5,2.6,9.4,dating,mimpi buruk,1,4
4.5,5,Ya,Tidak,3,0.6,7.6,olahraga,ketiban sial,1,3
4.1,4,Tidak,Tidak,5,0.8,5.8,nugas,sakit kepala,1,4
4.6,0,Tidak,Ya,1,2.6,4.4,nugas,sakit perut,1,4
6.2,3,Ya,Tidak,4,1.1,9.8,scroll hp,sakit kepala,1,4
5.5,0,Tidak,Tidak,1,3.4,6.5,scroll hp,dapat uang,1,4
6.0,0,Tidak,Ya,2,2.2,9.8,kerja,mual,1,4
4.2,0,Ya,Ya,4,2.4,8.0,dating,banyak tugas,1,4
4.3,2,Tidak,Ya,3,1.8,3.2,scroll hp,mimpi buruk,1,4
4.3,4,Tidak,Tidak,4,0.8,7.7,jalan-jalan,sakit perut,1,3
4.7,3,Ya,Tidak,2,0.9,8.8,masak,bahagia,1,4
4.6,1,Tidak,Ya,3,1.9,9.3,dating,sial,1,4
4.1,1,Tidak,Tidak,5,3.3,8.5,jalan-jalan,sakit gigi,1,4
4.1,0,Tidak,Tidak,1,3.1,9.9,masak,senang,1,4
5.2,0,Tidak,Ya,5,1.4,7.8,hobi,ketiban sial,1,4
4.5,1,Ya,Tidak,3,1.8,9.7,kencan,happy,1,3
6.3,0,Tidak,Ya,1,3.1,8.5,olahraga,sakit hati,1,4
4.2,0,Tidak,Tidak,5,2.0,9.2,scroll hp,dapat uang,1,4
4.9,1,Tidak,Tidak,4,0.6,8.5,nonton,dapat uang,1,4
5.2,2,Ya,Tidak,1,3.5,7.4,nugas,mendapatkan gaji,1,4
6.3,1,Ya,Tidak,5,3.5,8.2,nugas,sakit hati,1,4
6.8,0,Ya,Ya,5,0.8,6.6,dating,sakit gigi,1,4
4.6,4,Ya,Tidak,2,0.6,2.2,scroll hp,sakit perut,1,4
4.3,1,Tidak,Ya,4,2.3,7.6,nugas,mimpi buruk,1,4
4.2,3,Ya,Ya,2,2.4,9.6,dating,galau,1,3
4.0,0,Tidak,Ya,4,1.7,6.9,meeting,mendapatkan gaji,1,4
4.8,3,Ya,Ya,4,3.2,8.8,meeting,diputusin,1,3
7.8,3,Ya,Tidak,5,0.8,9.8,scroll hp,sial,1,4
4.3,0,Ya,Ya,3,1.5,6.3,masak,kena sial,1,4
5.0,0,Tidak,Tidak,1,1.2,2.0,nugas,diputusin,1,4
4.4,5,Tidak,Tidak,2,1.3,8.9,masak,mimpi buruk,1,3
7.1,0,Ya,Tidak,3,1.2,8.3,kerja,sakit perut,1,4
5.5,4,Ya,Ya,4,1.8,8.6,nonton,sial,1,4
5.4,0,Ya,Tidak,2,3.3,5.7,nonton,mimpi buruk,1,4
5.0,1,Tidak,Ya,4,2.9,7.4,nugas,banyak tugas,1,4
4.6,1,Ya,Tidak,2,2.3,6.2,kerja,mendapatkan gaji,1,4
8.0,1,Tidak,Ya,2,1.1,7.0,nugas,sakit hati,1,4
5.2,0,Ya,Tidak,5,2.2,8.2,scroll hp,bahagia,1,4
4.7,4,Ya,Tidak,3,3.2,9.2,tiduran,sakit perut,1,3
4.8,0,Tidak,Tidak,4,1.6,6.1,dating,kena sial,1,4
4.9,2,Tidak,Ya,3,2.8,8.6,nonton,sakit perut,1,4
5.9,1,Tidak,Tidak,2,3.5,9.4,kencan,ketiban sial,1,4
5.5,3,Tidak,Tidak,1,2.7,8.4,tiduran,sakit gigi,1,3
5.1,0,Ya,Tidak,3,1.6,8.1,kerja,-,1,4
6.2,0,Ya,Tidak,2,2.3,5.6,nugas,mimpi buruk,1,4
6.9,0,Tidak,Tidak,5,1.2,9.7,tiduran,mimpi buruk,1,4
6.2,1,Tidak,Tidak,4,1.1,9.9,masak,diputusin,1,4
4.1,3,Tidak,Tidak,3,2.4,9.4,tiduran,diputusin,1,2
4.9,0,Tidak,Tidak,5,3.3,9.7,scroll hp,happy,1,4
4.4,3,Ya,Ya,3,0.8,9.2,jalan-jalan,nyaman,1,2
4.3,5,Tidak,Ya,2,0.7,5.8,kerja,diputusin,1,3
4.1,2,Ya,Ya,4,1.1,9.7,nonton,bahagia,1,4
7.8,0,Ya,Tidak,5,1.0,7.2,scroll hp,sakit gigi,1,4
5.2,0,Ya,Tidak,1,1.7,2.4,tiduran,sakit kepala,1,4
5.1,1,Ya,Tidak,3,0.8,2.6,scroll hp,galau,1,4
4.3,3,Ya,Tidak,1,0.9,2.6,meeting,sakit hati,1,4
4.5,1,Tidak,Tidak,5,1.0,7.1,jalan-jalan,sial,1,4
5.8,1,Ya,Tidak,1,1.6,8.0,kerja,bahagia,1,4
5.5,1,Ya,Tidak,5,1.8,7.9,nonton,-,1,4
5.7,3,Ya,Tidak,1,0.6,5.9,kencan,kena sial,1,4
6.1,2,Tidak,Tidak,4,2.3,8.7,nugas,sakit hati,1,4
7.7,1,Ya,Ya,5,0.9,8.4,meeting,sakit hati,1,4
7.2,3,Ya,Ya,1,2.9,9.3,nugas,sakit hati,1,4
6.5,0,Ya,Ya,4,1.2,7.9,nugas,ketiban sial,1,4
4.1,2,Tidak,Tidak,4,1.7,9.1,hobi,sakit hati,1,3
6.8,2,Ya,Tidak,1,0.8,6.2,meeting,mual,1,4
4.8,2,Ya,Tidak,3,0.9,1.5,nugas,sakit perut,1,4
4.7,0,Tidak,Ya,5,0.7,9.2,tiduran,gajian,1,4
5.3,5,Ya,Tidak,5,0.6,6.5,tiduran,sakit perut,1,4
6.9,1,Ya,Tidak,4,0.8,8.5,hobi,diputusin,1,4
4.2,0,Tidak,Tidak,5,3.5,8.7,jalan-jalan,galau,1,4
5.6,0,Ya,Tidak,1,1.9,4.9,nugas,senang,1,4
5.2,1,Tidak,Ya,5,0.7,9.9,dating,banyak tugas,1,4
6.0,2,Tidak,Ya,4,1.8,9.8,nonton,sakit perut,1,4
5.7,0,Ya,Ya,2,1.7,4.0,nonton,mimpi buruk,1,4
8.1,2,Ya,Ya,2,0.7,7.1,meeting,sakit kepala,1,4
4.7,1,Tidak,Tidak,1,3.2,7.4,olahraga,ketiban sial,1,4
5.8,5,Tidak,Ya,2,0.9,6.1,nugas,mimpi buruk,1,4
6.5,1,Tidak,Tidak,2,1.1,9.1,masak,sakit kepala,1,4
5.9,2,Tidak,Tidak,1,2.9,7.4,nugas,mual,1,4
4.7,0,Tidak,Tidak,4,2.2,9.4,kencan,mual,1,4
5.2,2,Ya,Tidak,3,3.1,7.7,tiduran,galau,1,4
4.9,2,Ya,Ya,2,2.8,7.4,jalan-jalan,sakit gigi,1,4
5.6,0,Tidak,Tidak,2,1.0,5.2,tiduran,galau,1,4
5.1,4,Ya,Ya,3,0.6,7.7,scroll hp,mendapatkan gaji,1,4
7.9,0,Tidak,Ya,2,2.7,6.2,scroll hp,sial,1,4
4.1,5,Ya,Tidak,1,2.6,7.6,olahraga,kena sial,1,2
4.6,2,Ya,Tidak,4,1.8,6.3,hobi,kena sial,1,4
4.5,5,Tidak,Ya,3,0.9,9.3,nonton,sakit perut,1,3
4.4,3,Tidak,Ya,2,2.9,8.5,nugas,mendapatkan gaji,1,2
4.9,0,Ya,Ya,1,1.0,6.7,kencan,senang,1,4
7.1,5,Tidak,Tidak,1,1.5,9.8,scroll hp,mimpi buruk,1,4
5.4,0,Tidak,Tidak,4,2.4,9.6,kencan,galau,1,4
6.1,0,Tidak,Tidak,5,1.4,8.2,jalan-jalan,sakit kepala,1,4
4.5,3,Ya,Ya,5,2.3,5.7,scroll hp,galau,1,4
5.3,1,Tidak,Ya,5,2.3,8.9,tiduran,sial,1,4
5.8,2,Tidak,Tidak,2,3.3,8.8,tiduran,sakit perut,1,4
7.3,0,Ya,Ya,1,1.9,8.3,tiduran,kena sial,1,4
6.9,4,Ya,Tidak,5,0.7,8.5,scroll hp,sakit perut,1,4
4.6,0,Tidak,Ya,4,3.4,9.4,dating,mimpi buruk,1,4
4.1,1,Ya,Ya,3,3.0,8.8,masak,mual,1,4
4.3,0,Tidak,Tidak,1,3.2,6.1,nugas,nyaman,1,4
5.0,1,Ya,Ya,4,1.5,7.4,kerja,ketiban sial,1,4
5.3,0,Ya,Ya,1,2.3,6.4,nonton,nyaman,1,4
5.9,0,Tidak,Tidak,3,1.1,9.9,nugas,dapat uang,1,4
6.5,4,Tidak,Tidak,3,1.5,9.5,scroll hp,kena sial,1,4
5.9,0,Ya,Tidak,5,1.3,7.2,dating,sakit hati,1,4
5.1,1,Tidak,Tidak,1,0.5,8.8,olahraga,dapat uang,1,4
8.3,0,Ya,Tidak,2,0.8,8.0,kerja,sakit kepala,1,4
8.3,1,Ya,Tidak,1,1.2,6.2,nugas,sial,1,4
6.7,1,Ya,Tidak,2,1.6,9.1,hobi,sial,1,4
5.0,0,Ya,Ya,3,3.5,4.3,scroll hp,diputusin,1,4
4.4,2,Ya,Ya,2,2.3,8.5,kerja,diputusin,1,4
4.9,0,Tidak,Tidak,4,1.1,4.4,scroll hp,sakit kepala,1,4
4.7,2,Ya,Ya,4,1.8,7.8,scroll hp,jadian,1,4
5.9,2,Ya,Ya,2,3.2,8.2,hobi,sakit kepala,1,4
4.2,1,Ya,Ya,4,2.5,8.4,kerja,jadian,1,4
5.0,4,Tidak,Ya,2,0.7,6.4,masak,sakit hati,1,4
7.0,0,Ya,Tidak,2,2.3,9.7,meeting,sakit gigi,1,4
5.0,0,Tidak,Ya,3,1.5,9.1,olahraga,sakit gigi,1,4
7.3,0,Ya,Ya,2,0.9,4.5,scroll hp,ketiban sial,1,4
5.5,4,Ya,Tidak,4,0.9,7.3,olahraga,sakit hati,1,4
4.3,0,Ya,Tidak,1,1.1,4.3,nonton,gajian,1,4
4.7,2,Tidak,Tidak,5,1.9,9.5,nugas,nyaman,1,4
4.4,1,Ya,Tidak,2,3.4,6.9,meeting,dapat gaji,1,4
4.9,5,Ya,Ya,1,1.3,8.3,tiduran,sakit perut,1,4
4.7,4,Tidak,Ya,1,1.1,4.5,nugas,ketiban sial,1,4
6.1,2,Tidak,Tidak,1,1.6,9.7,kencan,sakit gigi,1,4
4.4,3,Ya,Tidak,3,1.6,3.9,nugas,sakit gigi,1,4
4.7,1,Ya,Tidak,5,1.1,7.0,kerja,banyak tugas,1,4
5.5,4,Ya,Tidak,1,3.4,8.7,kerja,sial,1,4
5.4,1,Tidak,Tidak,3,3.0,9.0,nugas,banyak tugas,1,4
5.7,3,Ya,Tidak,4,1.4,8.7,hobi,diputusin,1,3
7.2,2,Tidak,Tidak,2,2.3,9.8,scroll hp,galau,1,4
6.3,2,Ya,Ya,2,0.7,6.5,kerja,sakit kepala,1,4
4.7,2,Tidak,Ya,5,0.9,7.1,tiduran,banyak tugas,1,4
4.0,0,Ya,Ya,1,1.9,0.7,nonton,sial,1,4
8.0,3,Tidak,Tidak,2,0.6,7.4,nugas,sial,1,4
5.5,1,Tidak,Ya,5,2.1,8.3,scroll hp,sakit hati,1,4
4.2,5,Tidak,Tidak,2,0.9,5.8,nonton,sial,1,3
5.6,0,Tidak,Ya,4,3.4,6.7,tiduran,ketiban sial,1,4
7.5,0,Ya,Tidak,2,3.1,9.2,tiduran,sakit perut,1,4
4.5,2,Tidak,Ya,4,3.4,7.9,kerja,mual,1,4
6.7,0,Tidak,Tidak,4,0.7,8.1,dating,mual,1,4
4.3,0,Ya,Ya,1,2.7,5.2,masak,mimpi buruk,1,4
5.7,2,Ya,Ya,2,1.0,5.9,scroll hp,-,1,4
4.4,2,Ya,Tidak,1,0.6,6.1,kencan,senang,1,4
5.2,5,Ya,Tidak,1,1.5,8.0,hobi,sakit perut,1,3
5.7,0,Tidak,Tidak,5,3.2,9.4,nonton,mimpi buruk,1,4
5.1,2,Tidak,Ya,1,0.7,4.7,meeting,sakit perut,1,4
4.5,0,Tidak,Tidak,1,2.6,6.3,dating,sakit hati,1,4
4.9,0,Tidak,Ya,3,2.7,8.0,tiduran,kena sial,1,4
5.0,3,Ya,Tidak,2,2.7,9.7,jalan-jalan,diputusin,1,3
4.6,0,Ya,Ya,5,2.5,8.4,meeting,dapat gaji,1,4
5.7,1,Ya,Tidak,1,1.9,6.0,masak,sakit gigi,1,4
4.6,0,Ya,Tidak,4,2.7,6.7,kencan,diputusin,1,4
7.0,1,Tidak,Tidak,1,1.1,10.0,kerja,diputusin,1,4
4.4,3,Ya,Ya,4,2.0,8.1,meeting,sakit hati,1,3
4.5,0,Ya,Ya,1,1.8,1.6,meeting,sakit kepala,1,4
5.3,4,Ya,Tidak,4,0.6,8.8,kencan,mimpi buruk,1,4
6.1,1,Tidak,Tidak,3,1.9,7.1,nonton,sakit perut,1,4
5.1,4,Ya,Tidak,3,3.2,6.6,nugas,sakit kepala,1,4
7.9,0,Tidak,Ya,2,3.2,6.4,scroll hp,ketiban sial,1,4
6.6,2,Ya,Tidak,5,0.5,9.2,meeting,sakit kepala,1,4
5.3,1,Ya,Tidak,4,2.4,7.0,kerja,sakit kepala,1,4
4.4,1,Ya,Ya,3,1.7,7.3,masak,sakit kepala,1,4
4.3,4,Tidak,Ya,1,0.8,8.6,olahraga,diputusin,1,4
5.0,1,Tidak,Tidak,1,3.1,7.4,hobi,sakit gigi,1,4
5.0,2,Tidak,Tidak,4,1.9,9.3,hobi,mimpi buruk,1,3
5.2,1,Tidak,Tidak,5,1.1,9.1,scroll hp,jadian,1,4
5.4,3,Ya,Tidak,1,2.4,9.1,nugas,happy,1,3
4.2,4,Tidak,Ya,5,3.2,9.6,scroll hp,mimpi buruk,1,4
5.2,2,Ya,Tidak,1,2.9,8.9,kencan,banyak tugas,1,4
4.6,0,Tidak,Tidak,3,1.5,5.5,nonton,sial,1,4
4.1,1,Tidak,Ya,3,2.6,5.0,scroll hp,sakit hati,1,4
6.4,1,Ya,Tidak,4,1.6,10.0,tiduran,sakit hati,1,4
4.6,5,Tidak,Ya,2,1.7,8.3,scroll hp,sakit perut,1,4
8.3,0,Tidak,Tidak,2,1.6,9.7,tiduran,sakit gigi,1,4
5.3,1,Ya,Ya,2,3.0,3.8,scroll hp,sakit gigi,1,4
4.2,1,Ya,Tidak,1,1.6,3.3,nugas,dapat gaji,1,4
5.9,0,Tidak,Tidak,3,2.9,9.2,meeting,mimpi buruk,1,4
4.5,1,Ya,Ya,1,0.7,3.7,jalan-jalan,kena sial,1,4
6.2,0,Tidak,Ya,1,1.9,8.2,nonton,ketiban sial,1,4
4.4,3,Ya,Ya,3,1.0,6.7,olahraga,ketiban sial,1,3
4.2,5,Tidak,Tidak,4,0.8,6.5,nonton,ketiban sial,1,3
5.1,0,Tidak,Tidak,4,0.9,4.9,meeting,galau,1,4
5.5,1,Ya,Tidak,3,1.3,6.7,hobi,sakit kepala,1,4
4.6,3,Tidak,Tidak,1,1.6,6.7,hobi,sakit perut,1,3
4.3,5,Ya,Ya,4,0.9,5.6,nonton,sial,1,3
5.8,1,Tidak,Tidak,1,1.4,3.7,scroll hp,kena sial,1,4
5.3,1,Ya,Tidak,4,2.2,7.6,jalan-jalan,kena sial,1,4
5.5,0,Tidak,Ya,3,1.7,7.9,kerja,-,1,4
4.9,4,Ya,Ya,2,0.8,9.5,kencan,-,1,4
5.4,4,Ya,Ya,5,1.5,6.3,nugas,-,1,4
4.2,4,Ya,Tidak,2,2.5,8.7,hobi,sakit perut,1,3
5.7,0,Tidak,Ya,5,1.3,7.7,masak,mual,1,4
5.3,5,Ya,Ya,3,0.8,9.3,kerja,galau,1,4
5.3,1,Ya,Tidak,1,3.4,3.8,scroll hp,ketiban sial,1,4
4.6,1,Ya,Tidak,4,2.2,8.9,hobi,ketiban sial,1,4
4.3,0,Tidak,Tidak,5,2.8,5.1,scroll hp,mual,1,4
5.0,2,Tidak,Tidak,2,2.3,6.8,tiduran,kena sial,1,4
4.8,1,Tidak,Ya,4,0.6,9.0,meeting,-,1,4
6.6,3,Tidak,Tidak,2,1.3,9.1,tiduran,mual,1,4
6.2,4,Tidak,Tidak,3,1.4,8.5,scroll hp,sakit kepala,1,4
4.4,1,Tidak,Tidak,4,2.0,5.3,scroll hp,sial,1,4
4.2,2,Ya,Ya,5,2.9,7.0,meeting,sakit perut,1,4
7.3,4,Tidak,Ya,2,0.8,8.1,nugas,sial,1,4
5.3,0,Ya,Tidak,1,2.2,8.7,hobi,-,1,4
4.6,0,Ya,Ya,5,0.6,3.5,masak,kena sial,1,4
4.7,3,Ya,Tidak,2,3.3,4.3,scroll hp,sakit hati,1,4
5.8,3,Ya,Tidak,5,0.6,3.0,nugas,sakit kepala,1,4
5.2,3,Tidak,Ya,1,1.0,8.7,kerja,sial,1,4
5.1,2,Tidak,Tidak,2,1.0,6.9,dating,sakit kepala,1,4
5.1,5,Ya,Ya,1,1.8,6.5,scroll hp,diputusin,1,4
4.5,5,Ya,Ya,2,0.7,8.9,kerja,gajian,1,4
5.5,4,Tidak,Ya,3,1.6,8.2,nugas,sakit perut,1,4
5.5,0,Tidak,Tidak,1,0.6,3.7,scroll hp,mendapatkan gaji,1,4
5.6,2,Ya,Tidak,5,1.6,8.6,scroll hp,bahagia,1,4
5.8,3,Ya,Tidak,1,3.4,8.5,kerja,mimpi buruk,1,4
4.9,0,Ya,Tidak,4,2.6,7.2,olahraga,diputusin,1,4
4.1,0,Tidak,Tidak,4,1.1,4.5,tiduran,mual,1,4
5.7,3,Tidak,Ya,2,0.7,8.1,tiduran,-,1,4
5.0,1,Ya,Tidak,1,1.4,6.3,kencan,banyak tugas,1,4
4.3,4,Ya,Ya,2,3.4,7.9,kerja,mual,1,4
5.1,0,Ya,Tidak,1,2.7,5.5,kencan,kena sial,1,4
4.2,2,Tidak,Tidak,4,3.3,8.3,nugas,-,1,3
6.6,2,Tidak,Tidak,2,1.5,8.5,meeting,sakit hati,1,4
4.7,2,Ya,Ya,4,1.8,5.8,nonton,sial,1,4
4.3,0,Tidak,Ya,1,0.6,4.0,meeting,senang,1,4
5.6,0,Ya,Ya,1,1.0,9.0,olahraga,banyak tugas,1,4
5.7,1,Ya,Ya,2,3.3,6.4,kerja,sakit perut,1,4
7.9,1,Ya,Ya,5,0.7,7.9,nugas,diputusin,1,4
6.8,1,Tidak,Tidak,5,1.2,8.1,nugas,ketiban sial,1,4
8.2,0,Tidak,Tidak,1,2.8,8.6,scroll hp,mual,1,4
4.4,0,Ya,Tidak,3,1.7,8.4,dating,senang,1,4
4.0,4,Ya,Ya,3,3.2,9.7,meeting,sakit kepala,1,3
5.4,3,Ya,Tidak,5,1.1,8.2,scroll hp,dapat uang,1,4
6.5,0,Tidak,Tidak,5,1.9,9.2,kerja,sakit kepala,1,4
5.4,2,Ya,Ya,4,1.8,4.3,scroll hp,sial,1,4
4.1,2,Ya,Ya,5,0.6,2.9,scroll hp,mual,1,4
7.4,1,Ya,Ya,1,2.2,6.5,scroll hp,kena sial,1,4
6.7,0,Ya,Ya,2,3.2,9.6,scroll hp,senang,1,4
4.1,3,Tidak,Tidak,3,1.9,9.6,masak,ketiban sial,1,3
4.3,1,Tidak,Tidak,2,2.7,7.8,kencan,sakit gigi,1,4
5.7,1,Tidak,Ya,3,2.4,9.0,meeting,sakit gigi,1,4
6.3,2,Ya,Tidak,1,1.0,6.5,nonton,sakit gigi,1,4
4.8,4,Ya,Ya,2,0.8,5.5,nugas,banyak tugas,1,4
4.5,5,Tidak,Ya,2,0.8,7.4,dating,sakit kepala,1,3
4.1,3,Ya,Tidak,3,1.7,7.0,masak,sakit perut,1,4
5.9,3,Ya,Ya,3,2.8,7.0,nugas,sakit hati,1,4
7.6,0,Ya,Tidak,3,1.1,7.6,nugas,mual,1,4
5.9,4,Ya,Tidak,1,3.3,6.6,nugas,mual,1,4
5.7,4,Tidak,Tidak,2,1.3,8.7,meeting,ketiban sial,1,4
4.0,1,Tidak,Tidak,2,2.7,6.4,dating,ketiban sial,1,4
4.7,4,Ya,Tidak,1,2.8,8.7,dating,galau,1,3
7.0,4,Ya,Tidak,1,0.6,8.1,nugas,banyak tugas,1,4
6.7,1,Ya,Ya,5,0.6,8.0,hobi,sakit gigi,1,4
6.6,5,Ya,Ya,1,0.7,8.5,tiduran,ketiban sial,1,4
5.4,0,Ya,Tidak,3,3.0,9.6,tiduran,dapat uang,1,4
4.8,3,Tidak,Tidak,3,2.4,7.3,nugas,mual,1,3
5.2,2,Ya,Ya,2,1.1,6.9,dating,mimpi buruk,1,4
4.7,0,Ya,Ya,5,1.7,7.9,nonton,dapat uang,1,4
6.4,1,Tidak,Tidak,5,0.6,7.1,dating,sakit hati,1,4
4.9,2,Ya,Ya,3,1.8,8.3,hobi,ketiban sial,1,4
6.1,0,Tidak,Ya,3,1.1,8.6,meeting,sial,1,4
6.0,0,Ya,Tidak,2,2.4,7.1,kerja,sakit hati,1,4
8.3,0,Ya,Tidak,1,3.1,9.3,nugas,sakit hati,1,4
5.5,2,Ya,Tidak,1,3.4,9.0,masak,diputusin,1,4
7.8,2,Tidak,Tidak,1,1.0,7.4,nugas,sakit kepala,1,4
5.8,4,Ya,Tidak,3,0.7,4.8,scroll hp,sial,1,4
4.4,4,Tidak,Ya,1,1.6,8.5,jalan-jalan,mimpi buruk,1,3
5.9,1,Tidak,Tidak,3,0.6,7.0,nugas,nyaman,1,4
4.4,3,Ya,Tidak,2,1.0,2.7,scroll hp,mual,1,4
5.7,3,Ya,Ya,3,2.4,9.5,nugas,sakit kepala,1,4
4.2,3,Tidak,Tidak,1,0.9,5.1,hobi,mual,1,3
4.1,5,Ya,Ya,1,1.0,9.4,nugas,mendapatkan gaji,1,3
5.6,5,Ya,Tidak,1,1.5,7.2,tiduran,sakit kepala,1,4
4.5,0,Ya,Tidak,1,2.6,4.2,olahraga,kena sial,1,4
4.8,5,Tidak,Tidak,3,1.1,9.4,scroll hp,galau,1,3
5.4,0,Ya,Ya,2,0.8,9.2,masak,dapat uang,1,4
4.4,0,Tidak,Tidak,4,1.8,4.8,meeting,diputusin,1,4
5.1,1,Ya,Tidak,1,3.0,8.8,jalan-jalan,banyak tugas,1,4
6.2,0,Ya,Tidak,4,1.1,8.7,scroll hp,gajian,1,4
5.3,5,Ya,Tidak,5,0.7,5.2,scroll hp,mual,1,4
4.1,0,Ya,Tidak,3,2.6,4.8,meeting,diputusin,1,4
5.4,2,Ya,Ya,2,0.7,9.2,masak,banyak tugas,1,4
8.8,0,Tidak,Ya,2,1.3,8.7,nonton,kena sial,1,4
5.3,1,Ya,Tidak,4,2.8,8.1,kerja,sakit perut,1,4
6.2,2,Ya,Ya,2,0.7,8.5,olahraga,galau,1,4
4.3,5,Ya,Tidak,5,0.6,6.4,dating,mual,1,4
5.7,1,Tidak,Ya,2,2.0,6.8,scroll hp,sakit perut,1,4
4.3,0,Ya,Tidak,1,2.3,7.6,dating,dapat gaji,1,4
4.5,1,Tidak,Tidak,2,3.1,7.0,kencan,sakit gigi,1,4
5.3,1,Ya,Tidak,4,2.8,9.3,dating,mimpi buruk,1,4
5.5,3,Ya,Tidak,4,1.5,8.1,hobi,sakit gigi,1,3
4.8,2,Ya,Ya,4,1.5,9.0,tiduran,dapat uang,1,4
7.0,1,Tidak,Ya,2,2.4,6.4,nugas,mimpi buruk,1,4
5.4,4,Ya,Ya,2,3.3,9.6,hobi,mual,1,3
5.3,1,Tidak,Tidak,3,2.6,6.6,scroll hp,sakit gigi,1,4
5.0,2,Tidak,Ya,5,0.7,7.5,hobi,ketiban sial,1,4
4.2,0,Ya,Ya,5,1.5,4.5,olahraga,ketiban sial,1,4
5.6,2,Ya,Tidak,1,1.8,4.2,meeting,sakit kepala,1,4
4.9,3,Ya,Tidak,2,2.0,3.8,scroll hp,ketiban sial,1,4
5.7,2,Ya,Ya,1,3.0,9.4,olahraga,ketiban sial,1,4
5.7,2,Ya,Tidak,4,1.2,7.1,masak,ketiban sial,1,4
8.1,1,Ya,Ya,3,0.5,7.5,nugas,galau,1,4
4.6,3,Ya,Ya,1,2.5,8.0,tiduran,sial,1,4
4.1,4,Ya,Ya,2,2.5,7.2,jalan-jalan,sakit hati,1,3
8.1,1,Tidak,Tidak,2,0.6,6.7,tiduran,sakit kepala,1,4
6.5,0,Ya,Ya,2,1.7,7.8,meeting,diputusin,1,4
6.0,0,Ya,Tidak,2,2.8,8.4,dating,diputusin,1,4
6.4,4,Tidak,Tidak,2,3.1,9.7,scroll hp,sakit perut,1,4
5.4,1,Tidak,Ya,3,2.1,8.2,tiduran,sakit kepala,1,4
4.8,4,Ya,Ya,1,0.5,9.4,tiduran,bahagia,1,4
5.7,1,Ya,Tidak,2,3.1,8.6,tiduran,dapat uang,1,4
4.0,0,Tidak,Ya,4,0.7,5.8,masak,kena sial,1,4
5.1,4,Tidak,Tidak,1,1.9,5.8,scroll hp,mual,1,4
4.7,0,Ya,Ya,1,3.4,7.4,masak,galau,1,4
5.5,1,Tidak,Ya,4,2.0,9.2,nonton,ketiban sial,1,4
6.3,0,Tidak,Tidak,2,2.1,9.6,kerja,banyak tugas,1,4
6.3,1,Ya,Ya,2,1.0,8.7,tiduran,mual,1,4
4.6,1,Ya,Tidak,1,2.7,4.1,kerja,sakit perut,1,4
4.3,4,Ya,Ya,1,1.5,8.9,olahraga,ketiban sial,1,4
4.3,2,Ya,Tidak,2,0.6,4.0,olahraga,banyak tugas,1,4
4.8,2,Tidak,Ya,3,0.6,5.8,scroll hp,sial,1,4
5.1,0,Tidak,Tidak,4,1.8,7.8,dating,kena sial,1,4
4.2,1,Ya,Ya,5,0.8,4.5,kencan,ketiban sial,1,4
4.4,5,Ya,Ya,2,2.1,6.9,nonton,sakit perut,1,3
4.8,0,Tidak,Ya,4,2.3,9.2,scroll hp,gajian,1,4
6.5,2,Tidak,Ya,1,1.6,7.1,meeting,sakit perut,1,4
5.2,2,Ya,Tidak,4,3.3,9.1,hobi,galau,1,3
4.5,0,Tidak,Tidak,2,2.5,9.9,kerja,gajian,1,4
5.7,0,Ya,Tidak,3,2.6,5.9,nugas,sakit hati,1,4
5.7,0,Tidak,Tidak,5,2.9,9.7,kerja,mimpi buruk,1,4
5.5,5,Ya,Tidak,1,1.0,4.7,nugas,mimpi buruk,1,4
8.3,0,Tidak,Ya,1,1.0,6.7,scroll hp,sakit kepala,1,4
8.0,2,Tidak,Tidak,1,0.9,8.5,tiduran,sakit gigi,1,4
4.5,2,Ya,Ya,3,1.0,6.4,dating,sakit perut,1,4
6.2,4,Ya,Ya,1,0.6,10.0,dating,sakit gigi,1,4
6.0,4,Tidak,Tidak,4,0.9,6.6,scroll hp,sakit hati,1,4
5.6,3,Ya,Tidak,2,3.4,8.0,nonton,diputusin,1,4
4.2,2,Ya,Tidak,3,1.5,8.0,tiduran,senang,1,3
5.3,2,Ya,Tidak,2,1.1,7.1,tiduran,jadian,1,4
5.4,3,Ya,Tidak,5,1.8,7.6,meeting,ketiban sial,1,4
7.9,0,Ya,Ya,2,2.5,7.1,nugas,diputusin,1,4
4.2,2,Tidak,Ya,2,3.0,7.6,jalan-jalan,ketiban sial,1,4
6.6,3,Tidak,Ya,2,1.0,8.8,tiduran,sakit hati,1,4
5.2,3,Ya,Tidak,2,0.8,4.7,masak,galau,1,4
4.2,5,Ya,Ya,1,1.0,6.1,meeting,sakit kepala,1,4
5.3,2,Ya,Ya,1,0.9,4.1,meeting,kena sial,1,4
7.6,1,Tidak,Ya,3,0.9,8.3,nugas,-,1,4
5.3,0,Tidak,Tidak,4,0.9,6.7,meeting,senang,1,4
4.4,0,Tidak,Tidak,5,0.5,8.5,kencan,senang,1,4
4.8,3,Ya,Tidak,3,1.1,8.0,masak,sakit perut,1,4
7.1,0,Tidak,Tidak,3,0.9,5.9,nugas,galau,1,4
4.8,0,Tidak,Tidak,2,2.9,6.5,jalan-jalan,galau,1,4
4.7,1,Ya,Tidak,2,1.0,5.8,masak,sakit hati,1,4
4.2,1,Tidak,Tidak,5,2.0,9.9,kencan,sakit kepala,1,4
4.4,5,Ya,Tidak,5,0.7,3.9,scroll hp,sial,1,4
4.5,1,Ya,Ya,5,0.6,8.4,jalan-jalan,-,1,4
6.8,3,Ya,Tidak,5,0.8,6.4,scroll hp,sial,1,4
4.8,0,Tidak,Tidak,5,2.7,4.9,nugas,diputusin,1,4
6.8,0,Tidak,Ya,1,0.9,5.8,nugas,mimpi buruk,1,4
8.1,0,Tidak,Tidak,4,0.5,7.1,kerja,sakit hati,1,4
7.4,0,Ya,Ya,5,1.2,8.3,tiduran,mual,1,4
4.7,4,Tidak,Ya,2,1.9,9.1,hobi,sakit perut,1,3
4.5,1,Ya,Ya,3,0.5,6.4,olahraga,bahagia,1,4
4.9,2,Ya,Tidak,2,3.3,8.4,kerja,senang,1,3
4.3,0,Ya,Tidak,1,3.0,4.1,kencan,mimpi buruk,1,4
7.5,2,Tidak,Ya,3,1.0,8.6,nugas,sakit gigi,1,4
4.6,5,Ya,Ya,2,3.0,9.0,dating,sial,1,2
7.7,0,Ya,Ya,4,0.7,6.1,meeting,kena sial,1,4
6.9,0,Tidak,Tidak,4,1.0,7.7,jalan-jalan,ketiban sial,2,4
5.1,4,Tidak,Tidak,4,1.4,8.8,jalan-jalan,galau,2,2
6.5,0,Ya,Ya,5,1.4,8.8,masak,kena sial,2,4
6.1,5,Ya,Ya,4,2.2,10.0,nugas,ketiban sial,2,2
4.0,4,Tidak,Tidak,2,3.3,7.0,scroll hp,dapat gaji,2,2
4.5,2,Ya,Tidak,1,2.3,8.6,kencan,bahagia,2,2
6.8,1,Tidak,Ya,4,2.4,7.1,scroll hp,sakit hati,2,4
5.4,3,Ya,Tidak,4,2.2,8.2,nugas,jadian,2,2
4.6,3,Tidak,Tidak,1,3.0,8.7,kerja,ketiban sial,2,4
6.1,3,Ya,Tidak,5,1.2,9.8,olahraga,sial,2,3
6.5,1,Tidak,Tidak,4,1.3,8.7,kerja,sakit hati,2,4
4.8,3,Tidak,Tidak,3,3.5,9.5,dating,sakit hati,2,1
4.1,5,Tidak,Tidak,1,0.5,4.3,olahraga,sial,2,2
5.4,1,Ya,Ya,2,2.1,9.9,jalan-jalan,-,2,4
4.5,5,Ya,Tidak,5,1.3,4.2,scroll hp,mual,2,4
5.5,0,Ya,Tidak,5,2.1,5.3,nonton,sakit kepala,2,4
5.8,0,Tidak,Tidak,1,1.5,8.7,hobi,dapat uang,2,4
8.5,1,Tidak,Ya,2,3.3,7.3,scroll hp,ketiban sial,2,4
5.2,1,Ya,Ya,3,3.3,8.2,dating,sakit gigi,2,4
5.9,2,Ya,Tidak,2,1.6,5.8,kencan,mimpi buruk,2,4
5.4,4,Tidak,Ya,4,1.6,6.9,nugas,mimpi buruk,2,4
6.2,5,Tidak,Tidak,1,0.6,7.2,olahraga,sakit perut,2,3
5.5,1,Tidak,Ya,2,1.9,7.7,dating,mimpi buruk,2,4
4.5,0,Tidak,Tidak,5,1.2,5.5,nugas,senang,2,4
6.5,2,Tidak,Ya,2,1.6,5.8,nonton,sakit hati,2,4
4.7,2,Tidak,Tidak,2,0.9,3.0,hobi,sakit hati,2,4
4.9,5,Ya,Tidak,2,3.3,5.6,nugas,sakit kepala,2,3
4.7,3,Ya,Ya,1,3.2,8.0,meeting,dapat uang,2,2
4.3,1,Ya,Ya,4,0.8,5.2,masak,jadian,2,4
4.9,4,Tidak,Tidak,1,3.4,9.8,nugas,jadian,2,2
6.9,2,Ya,Tidak,1,0.7,9.2,jalan-jalan,banyak tugas,2,4
7.8,1,Tidak,Ya,2,0.8,9.8,olahraga,mual,2,4
4.7,1,Tidak,Ya,4,2.9,8.4,dating,mimpi buruk,2,4
4.9,3,Tidak,Tidak,3,1.8,4.0,nugas,diputusin,2,3
5.3,3,Ya,Tidak,4,0.8,6.2,tiduran,gajian,2,3
6.0,4,Ya,Ya,2,0.6,8.9,olahraga,mimpi buruk,2,4
4.2,0,Ya,Ya,1,2.5,6.8,hobi,dapat uang,2,4
4.5,0,Tidak,Tidak,2,0.9,0.6,dating,sial,2,4
5.4,3,Ya,Ya,4,1.9,7.1,jalan-jalan,mimpi buruk,2,3
4.1,5,Tidak,Tidak,2,2.7,8.9,scroll hp,bahagia,2,1
8.6,1,Ya,Tidak,2,1.0,7.1,meeting,sial,2,4
4.7,4,Ya,Ya,4,0.5,8.5,jalan-jalan,jadian,2,2
6.3,3,Ya,Ya,1,0.6,4.6,tiduran,mual,2,4
8.4,0,Tidak,Tidak,5,1.5,9.8,nonton,sakit perut,2,4
5.2,1,Ya,Ya,5,1.0,5.9,kerja,kena sial,2,4
6.4,1,Tidak,Tidak,5,0.8,9.1,olahraga,-,2,4
6.2,1,Tidak,Ya,5,3.3,8.6,kerja,sial,2,4
4.1,1,Tidak,Ya,1,3.3,6.7,masak,sakit perut,2,4
8.4,3,Ya,Ya,3,1.4,9.6,scroll hp,sakit kepala,2,4
7.7,1,Tidak,Tidak,4,0.7,7.7,dating,diputusin,2,4
6.0,2,Ya,Tidak,5,1.0,4.8,scroll hp,galau,2,4
4.1,3,Tidak,Ya,1,2.1,8.6,olahraga,mual,2,2
4.5,5,Tidak,Tidak,1,2.1,9.8,hobi,sial,2,1
6.5,1,Ya,Ya,3,1.2,8.9,scroll hp,-,2,4
6.3,3,Tidak,Tidak,5,0.7,9.3,kencan,sakit perut,2,4
4.1,4,Ya,Ya,3,2.9,7.0,nugas,-,2,3
8.1,4,Tidak,Tidak,1,0.9,6.9,tiduran,sakit gigi,2,4
5.5,3,Ya,Tidak,1,3.2,7.3,jalan-jalan,sakit hati,2,3
6.3,4,Tidak,Tidak,3,2.2,9.1,nugas,sakit hati,2,3
7.3,0,Tidak,Tidak,3,3.3,6.6,nugas,kena sial,2,4
7.9,2,Ya,Tidak,3,1.6,7.9,nugas,kena sial,2,4
4.6,4,Tidak,Tidak,2,1.2,8.1,tiduran,dapat gaji,2,2
5.8,1,Ya,Ya,5,2.6,6.7,masak,diputusin,2,4
6.0,1,Ya,Tidak,1,3.4,3.2,scroll hp,sakit kepala,2,4
4.7,4,Ya,Tidak,3,3.3,7.4,kerja,sakit kepala,2,4
4.1,4,Tidak,Ya,1,1.8,8.5,nonton,mendapatkan gaji,2,2
4.2,2,Tidak,Ya,5,1.4,8.4,kerja,-,2,4
6.7,2,Tidak,Tidak,3,2.6,8.4,scroll hp,sakit perut,2,4
6.1,2,Ya,Ya,2,0.7,4.4,meeting,sakit hati,2,4
5.5,4,Ya,Tidak,1,1.2,4.3,nugas,banyak tugas,2,4
6.4,3,Ya,Ya,4,1.5,9.3,tiduran,galau,2,3
4.0,4,Tidak,Ya,4,1.4,6.4,kencan,mimpi buruk,2,2
4.4,3,Ya,Tidak,3,3.5,3.4,nugas,mual,2,3
5.7,0,Ya,Ya,3,3.2,9.6,tiduran,-,2,4
5.0,4,Ya,Tidak,2,2.9,6.4,masak,mimpi buruk,2,4
5.4,5,Tidak,Ya,2,1.1,7.2,nugas,mual,2,4
5.5,0,Ya,Ya,2,2.5,5.4,kencan,sakit perut,2,4
4.6,1,Tidak,Tidak,4,1.1,8.1,nonton,bahagia,2,3
4.3,3,Tidak,Tidak,5,0.8,2.3,scroll hp,kena sial,2,4
6.1,1,Tidak,Ya,4,2.7,9.0,tiduran,mual,2,4
6.1,0,Ya,Ya,1,1.1,3.7,meeting,kena sial,2,4
4.3,0,Ya,Ya,4,2.3,6.3,olahraga,-,2,4
5.0,3,Tidak,Tidak,3,2.8,9.6,tiduran,mimpi buruk,2,2
6.0,4,Tidak,Ya,2,0.7,9.8,hobi,galau,2,4
4.8,2,Tidak,Tidak,2,2.8,9.1,meeting,nyaman,2,2
8.2,1,Tidak,Tidak,2,0.7,7.2,nugas,dapat gaji,2,4
5.3,5,Ya,Tidak,2,1.0,5.4,nonton,galau,2,3
5.3,0,Tidak,Ya,2,2.2,7.5,dating,sial,2,4
5.8,0,Ya,Tidak,5,1.1,4.6,scroll hp,gajian,2,4
4.6,2,Ya,Tidak,2,2.8,5.3,hobi,sial,2,3
4.5,0,Tidak,Tidak,2,2.8,7.0,tiduran,happy,2,4
7.0,0,Tidak,Tidak,3,1.9,8.3,jalan-jalan,mimpi buruk,2,4
4.1,2,Ya,Tidak,2,0.8,2.0,olahraga,sakit perut,2,4
5.0,0,Ya,Tidak,5,0.8,2.8,kerja,mimpi buruk,2,4
6.5,4,Ya,Tidak,4,0.8,9.3,hobi,ketiban sial,2,3
4.1,2,Tidak,Tidak,5,2.1,8.5,jalan-jalan,mual,2,3
5.4,1,Ya,Tidak,3,0.8,5.5,meeting,bahagia,2,4
4.3,0,Tidak,Tidak,3,1.7,8.4,masak,senang,2,4
4.8,4,Tidak,Tidak,4,1.5,4.6,scroll hp,mimpi buruk,2,3
6.6,0,Ya,Ya,1,2.4,7.0,kerja,mimpi buruk,2,4
4.7,3,Tidak,Tidak,2,2.5,8.6,kerja,diputusin,2,4
5.4,0,Ya,Tidak,4,2.6,5.2,nonton,sakit perut,2,4
4.9,5,Ya,Tidak,5,1.0,6.7,dating,sakit hati,2,3
5.4,0,Tidak,Tidak,3,2.0,9.6,tiduran,nyaman,2,2
5.0,1,Ya,Tidak,4,1.6,9.0,jalan-jalan,dapat gaji,2,3
4.2,1,Ya,Ya,4,2.4,7.1,dating,mimpi buruk,2,4
7.3,0,Tidak,Tidak,1,1.5,5.6,nonton,ketiban sial,2,4
6.9,0,Ya,Ya,3,1.6,6.3,nugas,mual,2,4
6.4,2,Tidak,Ya,1,1.0,6.4,nonton,-,2,4
6.7,0,Tidak,Tidak,1,2.1,8.6,masak,galau,2,4
4.4,2,Tidak,Ya,4,2.3,6.7,nonton,sakit kepala,2,4
4.7,5,Ya,Tidak,2,3.4,8.8,scroll hp,gajian,2,2
8.8,0,Tidak,Ya,3,0.8,8.1,meeting,mimpi buruk,2,4
4.1,4,Tidak,Ya,5,1.0,6.2,nonton,sakit hati,2,4
6.6,5,Tidak,Ya,1,0.7,9.9,hobi,sakit kepala,2,3
5.1,2,Ya,Tidak,2,2.7,9.3,kerja,jadian,2,3
4.7,3,Ya,Tidak,1,1.5,8.8,hobi,dapat gaji,2,2
5.3,2,Tidak,Ya,4,1.9,6.2,olahraga,sakit gigi,2,4
4.5,4,Tidak,Tidak,4,2.6,7.0,tiduran,diputusin,2,2
5.2,5,Ya,Tidak,1,2.2,8.3,masak,mimpi buruk,2,3
4.7,5,Ya,Tidak,4,3.1,6.6,meeting,sakit hati,2,2
6.0,0,Ya,Ya,3,2.0,9.5,dating,mual,2,4
5.7,5,Ya,Ya,1,1.0,5.6,nugas,sakit gigi,2,4
7.8,1,Tidak,Tidak,2,2.3,8.6,meeting,sial,2,4
7.7,1,Ya,Ya,4,0.6,9.2,scroll hp,-,2,4
7.3,2,Tidak,Tidak,1,2.5,9.6,tiduran,mual,2,4
5.6,5,Ya,Tidak,2,1.3,9.9,tiduran,senang,2,2
4.9,2,Tidak,Ya,5,2.6,9.1,hobi,sial,2,4
4.5,4,Ya,Tidak,1,2.1,7.2,tiduran,mendapatkan gaji,2,2
6.9,0,Ya,Ya,2,2.1,6.3,nonton,kena sial,2,4
8.0,2,Ya,Ya,2,0.8,9.4,dating,ketiban sial,2,4
5.4,1,Ya,Tidak,5,2.0,8.3,kerja,dapat uang,2,4
5.3,0,Ya,Tidak,2,3.2,4.3,olahraga,sakit kepala,2,4
4.7,3,Tidak,Tidak,1,1.9,5.0,nonton,mual,2,3
4.3,1,Ya,Ya,2,2.5,6.4,meeting,jadian,2,4
6.9,3,Ya,Ya,1,1.5,6.5,tiduran,sakit kepala,2,4
5.4,3,Ya,Tidak,2,1.5,2.9,nugas,kena sial,2,4
4.5,3,Ya,Tidak,2,1.3,5.0,hobi,kena sial,2,3
5.7,2,Ya,Tidak,1,1.8,7.0,masak,happy,2,4
4.4,2,Ya,Tidak,5,2.0,7.6,meeting,senang,2,3
4.9,2,Ya,Tidak,4,2.3,8.7,tiduran,nyaman,2,2
4.9,4,Ya,Ya,1,2.1,6.5,kencan,sakit kepala,2,3
6.5,0,Ya,Ya,1,0.6,4.6,meeting,mimpi buruk,2,4
7.8,1,Ya,Ya,2,3.0,8.2,scroll hp,mual,2,4
5.2,0,Tidak,Tidak,2,1.8,4.4,kerja,sakit perut,2,4
4.8,4,Ya,Tidak,2,2.3,6.6,masak,mimpi buruk,2,4
8.3,1,Tidak,Tidak,5,1.1,8.1,scroll hp,sial,2,4
6.4,2,Ya,Tidak,4,1.4,9.4,nugas,nyaman,2,3
5.5,3,Ya,Tidak,4,2.0,8.9,hobi,diputusin,2,2
5.0,1,Tidak,Ya,3,2.8,3.9,scroll hp,sakit kepala,2,4
4.9,1,Ya,Ya,1,1.3,5.7,jalan-jalan,sakit kepala,2,4
6.0,0,Ya,Ya,1,1.5,9.8,masak,nyaman,2,4
7.2,4,Tidak,Ya,1,0.8,7.2,tiduran,sakit kepala,2,4
6.7,5,Ya,Ya,1,1.8,8.5,scroll hp,sakit kepala,2,4
5.2,0,Ya,Ya,1,2.3,5.3,masak,sakit gigi,2,4
4.2,3,Ya,Tidak,1,0.6,4.9,olahraga,senang,2,2
5.8,4,Ya,Tidak,1,1.4,7.0,hobi,sakit hati,2,4
4.5,4,Ya,Ya,5,2.8,8.7,jalan-jalan,ketiban sial,2,3
6.5,4,Ya,Tidak,2,1.6,9.8,scroll hp,dapat gaji,2,3
5.3,0,Tidak,Tidak,2,2.1,4.3,meeting,sakit gigi,2,4
7.9,2,Tidak,Ya,2,1.2,8.3,meeting,sakit gigi,2,4
6.8,1,Tidak,Tidak,3,1.4,7.0,nonton,sial,2,4
7.6,2,Ya,Tidak,1,0.9,6.6,kencan,kena sial,2,4
4.5,5,Ya,Ya,5,1.6,7.5,hobi,mimpi buruk,2,3
5.4,1,Ya,Tidak,5,1.8,6.2,tiduran,senang,2,4
5.2,3,Ya,Ya,3,3.2,7.3,kerja,galau,2,4
4.6,0,Tidak,Tidak,2,2.5,4.6,kerja,mual,2,4
5.3,2,Ya,Ya,1,0.6,8.1,kerja,dapat gaji,2,4
7.5,3,Ya,Tidak,1,0.6,8.9,scroll hp,bahagia,2,4
6.4,3,Ya,Tidak,1,0.9,9.9,dating,-,2,3
5.4,2,Tidak,Tidak,3,3.4,9.2,kerja,sakit perut,2,4
4.7,1,Tidak,Ya,5,2.4,8.4,kencan,diputusin,2,4
8.1,2,Ya,Tidak,2,1.9,8.6,tiduran,galau,2,4
4.0,0,Ya,Ya,5,2.5,5.1,tiduran,galau,2,4
4.3,4,Ya,Tidak,1,2.3,3.3,nonton,sial,2,3
7.3,4,Tidak,Tidak,2,0.9,7.2,scroll hp,banyak tugas,2,4
4.3,0,Ya,Ya,3,2.0,3.1,tiduran,sakit gigi,2,4
4.3,2,Ya,Ya,1,2.6,6.0,jalan-jalan,mimpi buruk,2,4
6.1,0,Ya,Tidak,1,1.7,4.4,tiduran,sial,2,4
4.5,4,Tidak,Ya,1,2.4,8.6,tiduran,sial,2,3
5.1,0,Ya,Ya,4,1.7,4.8,meeting,-,2,4
5.8,0,Tidak,Ya,1,0.8,5.0,kencan,kena sial,2,4
7.0,0,Tidak,Ya,2,2.9,7.8,scroll hp,-,2,4
5.4,5,Ya,Tidak,2,1.3,8.0,meeting,jadian,2,2
4.4,4,Tidak,Tidak,3,2.5,7.8,kerja,mual,2,3
4.9,5,Ya,Tidak,2,0.7,4.0,dating,kena sial,2,3
5.9,4,Ya,Tidak,3,0.7,7.0,dating,galau,2,4
5.6,5,Ya,Tidak,4,1.7,7.2,meeting,sakit kepala,2,3
5.7,2,Tidak,Ya,5,0.6,6.4,olahraga,ketiban sial,2,4
7.6,3,Ya,Ya,2,1.0,8.2,nugas,banyak tugas,2,4
6.7,1,Ya,Tidak,1,1.1,5.7,meeting,mimpi buruk,2,4
4.8,3,Ya,Ya,2,3.3,7.7,kencan,sial,2,3
6.0,3,Tidak,Tidak,1,0.8,5.2,nonton,kena sial,2,4
5.1,3,Ya,Tidak,2,0.8,3.6,kerja,gajian,2,3
4.4,0,Ya,Tidak,5,3.2,1.0,nugas,sial,2,4
4.2,1,Ya,Ya,2,2.1,5.1,kencan,ketiban sial,2,4
4.6,4,Ya,Ya,2,1.5,6.2,meeting,jadian,2,3
4.9,4,Tidak,Ya,1,1.9,9.1,masak,mual,2,4
6.6,3,Ya,Ya,2,0.8,9.8,olahraga,sakit gigi,2,4
7.4,0,Ya,Ya,5,0.9,7.6,kerja,diputusin,2,4
6.4,1,Ya,Tidak,1,2.9,3.9,nugas,diputusin,2,4
4.7,2,Ya,Ya,3,3.4,8.0,olahraga,banyak tugas,2,4
5.3,4,Ya,Ya,5,1.8,7.6,nonton,mimpi buruk,2,4
5.5,0,Tidak,Tidak,5,3.1,9.5,nugas,senang,2,4
5.2,2,Tidak,Tidak,3,1.4,8.2,kencan,sakit kepala,2,3
6.1,1,Tidak,Ya,5,0.8,5.2,kerja,ketiban sial,2,4
4.8,0,Tidak,Tidak,4,0.6,4.2,dating,galau,2,4
6.1,0,Tidak,Tidak,4,1.5,9.6,kerja,jadian,2,4
5.4,5,Tidak,Ya,4,0.6,7.0,nonton,ketiban sial,2,3
5.6,5,Tidak,Tidak,4,2.4,8.6,scroll hp,sakit kepala,2,2
6.5,3,Ya,Tidak,1,1.8,5.9,nugas,sakit perut,2,4
4.6,2,Tidak,Ya,4,2.3,7.9,hobi,sial,2,3
4.7,4,Ya,Tidak,5,3.4,6.8,meeting,galau,2,4
6.3,5,Ya,Tidak,4,1.0,7.7,nugas,galau,2,3
6.0,0,Ya,Tidak,2,3.3,6.1,masak,diputusin,2,4
4.1,0,Tidak,Ya,4,0.6,3.3,nonton,banyak tugas,2,4
5.2,0,Tidak,Tidak,1,1.7,4.8,dating,sakit kepala,2,4
5.5,1,Ya,Ya,1,2.0,9.6,meeting,gajian,2,4
6.3,1,Ya,Tidak,5,1.7,9.4,hobi,sakit hati,2,4
4.2,4,Ya,Tidak,2,3.3,3.3,kerja,kena sial,2,4
6.2,1,Tidak,Tidak,1,3.1,5.5,scroll hp,sakit kepala,2,4
5.2,3,Ya,Tidak,5,1.0,7.0,tiduran,banyak tugas,2,4
5.8,5,Tidak,Ya,2,2.3,9.2,scroll hp,sakit gigi,2,3
4.6,0,Ya,Ya,2,1.5,4.7,kencan,dapat gaji,2,4
4.1,1,Tidak,Tidak,2,2.7,6.1,meeting,mendapatkan gaji,2,3
9.0,1,Tidak,Tidak,2,0.6,7.8,tiduran,-,2,4
5.4,0,Ya,Ya,2,3.0,1.8,nugas,sial,2,4
8.5,1,Ya,Ya,2,2.1,8.6,nugas,mimpi buruk,2,4
4.8,3,Tidak,Tidak,4,3.3,7.9,meeting,diputusin,2,2
6.8,2,Ya,Ya,1,0.6,7.4,olahraga,galau,2,4
6.2,2,Tidak,Tidak,2,3.3,9.4,kencan,sakit hati,2,3
5.5,5,Ya,Tidak,2,0.8,9.2,kencan,mendapatkan gaji,2,2
5.7,1,Tidak,Tidak,1,2.0,8.0,dating,sakit perut,2,4
4.9,2,Ya,Tidak,3,2.8,5.4,tiduran,sakit kepala,2,3
8.4,2,Ya,Ya,2,3.3,9.0,scroll hp,galau,2,4
4.1,1,Tidak,Ya,2,1.2,4.4,kerja,nyaman,2,4
5.2,4,Tidak,Tidak,3,1.9,7.2,meeting,diputusin,2,3
4.2,3,Ya,Ya,4,3.2,7.2,kencan,mimpi buruk,2,2
4.7,3,Ya,Tidak,5,1.3,5.6,meeting,sakit kepala,2,4
6.3,0,Ya,Ya,2,2.4,6.5,scroll hp,nyaman,2,4
5.1,2,Tidak,Tidak,4,1.3,7.4,kencan,ketiban sial,2,3
4.0,4,Tidak,Ya,2,1.4,9.1,meeting,mendapatkan gaji,2,2
8.0,5,Tidak,Ya,2,0.8,9.1,nugas,kena sial,2,4
5.5,2,Ya,Ya,3,0.8,8.6,jalan-jalan,happy,2,4
4.2,1,Ya,Ya,3,1.4,7.6,nonton,jadian,2,4
4.0,2,Ya,Tidak,5,0.8,1.3,meeting,sakit hati,2,4
4.0,2,Ya,Tidak,5,2.0,5.6,tiduran,diputusin,2,4
8.5,0,Tidak,Ya,2,3.5,8.3,scroll hp,sakit perut,2,4
8.5,0,Tidak,Tidak,3,0.8,9.0,jalan-jalan,sakit hati,2,4
4.0,4,Ya,Tidak,1,1.7,3.4,meeting,banyak tugas,2,4
5.5,2,Ya,Ya,5,2.6,9.9,hobi,banyak tugas,2,4
4.7,5,Tidak,Ya,2,1.3,7.6,dating,sakit perut,2,2
8.3,1,Ya,Ya,1,1.8,9.4,nugas,dapat uang,2,4
5.3,3,Tidak,Ya,1,2.1,7.8,nonton,sakit gigi,2,3
4.6,4,Ya,Ya,5,1.1,7.5,hobi,sial,2,4
8.9,3,Ya,Ya,1,0.8,7.1,meeting,galau,2,4
5.3,0,Tidak,Tidak,5,3.4,6.5,hobi,galau,2,4
4.4,2,Tidak,Tidak,4,0.7,6.5,meeting,jadian,2,3
7.0,1,Tidak,Tidak,4,2.6,9.3,nugas,banyak tugas,2,4
4.4,2,Tidak,Tidak,2,1.8,8.8,hobi,gajian,2,2
4.2,3,Ya,Tidak,4,1.3,5.1,jalan-jalan,mimpi buruk,2,2
5.7,2,Tidak,Ya,2,0.8,5.7,hobi,galau,2,4
5.9,1,Ya,Tidak,3,2.6,5.9,nonton,kena sial,2,4
7.1,0,Ya,Tidak,2,1.7,7.9,dating,-,2,4
7.5,1,Tidak,Ya,1,1.4,9.5,scroll hp,happy,2,4
7.4,0,Tidak,Ya,1,1.1,6.5,kerja,sakit hati,2,4
5.9,0,Tidak,Ya,5,1.1,7.7,hobi,diputusin,2,4
4.8,1,Ya,Tidak,1,3.3,8.9,kencan,senang,2,3
4.9,3,Ya,Ya,2,2.6,3.5,meeting,kena sial,2,3
5.3,1,Ya,Tidak,4,1.2,8.3,kencan,jadian,2,3
7.6,1,Tidak,Ya,4,2.4,7.7,nugas,sakit hati,2,4
8.2,4,Tidak,Ya,2,0.6,9.2,meeting,sakit hati,2,4
4.6,2,Tidak,Ya,2,3.3,6.1,kerja,sial,2,4
7.0,5,Tidak,Tidak,4,0.7,7.2,nugas,mual,2,4
5.6,0,Tidak,Tidak,3,0.8,5.1,kerja,mual,2,4
4.2,2,Tidak,Tidak,4,2.5,6.5,kencan,sakit perut,2,2
5.2,5,Tidak,Tidak,5,0.7,8.4,nugas,bahagia,2,3
4.7,0,Ya,Tidak,5,2.9,4.2,nugas,senang,2,4
6.6,3,Ya,Ya,4,0.9,8.3,kerja,sakit kepala,2,4
4.3,4,Ya,Ya,3,1.5,7.4,kerja,happy,2,2
4.8,5,Tidak,Ya,2,0.5,5.5,meeting,galau,2,3
4.1,2,Tidak,Tidak,2,1.9,7.7,masak,dapat gaji,2,3
4.7,5,Tidak,Tidak,2,1.5,7.8,masak,mual,2,3
4.6,2,Ya,Tidak,2,1.9,2.6,kerja,mimpi buruk,2,4
4.8,2,Ya,Tidak,3,1.4,1.3,nugas,mimpi buruk,2,4
6.4,0,Ya,Ya,2,2.3,6.5,jalan-jalan,mimpi buruk,2,4
4.2,5,Ya,Tidak,2,0.9,0.7,nugas,ketiban sial,2,4
8.3,1,Ya,Tidak,1,3.2,7.1,nugas,mimpi buruk,2,4
4.5,1,Tidak,Ya,1,0.8,5.2,scroll hp,dapat uang,2,4
6.7,5,Tidak,Tidak,5,0.7,8.0,kerja,mual,2,4
6.0,3,Tidak,Tidak,2,1.1,6.2,olahraga,ketiban sial,2,3
5.5,5,Tidak,Ya,3,0.9,8.4,dating,sial,2,2
5.2,0,Tidak,Tidak,5,1.6,6.1,masak,banyak tugas,2,4
7.3,0,Ya,Tidak,1,2.2,8.1,kencan,sakit gigi,2,4
6.3,5,Tidak,Ya,1,0.9,9.2,jalan-jalan,kena sial,2,3
6.9,3,Tidak,Ya,3,0.6,8.7,masak,kena sial,2,4
4.8,4,Ya,Tidak,2,1.9,2.9,nugas,mual,2,4
4.6,1,Ya,Ya,2,2.4,8.0,kencan,bahagia,2,4
6.8,2,Tidak,Ya,2,1.8,8.0,dating,galau,2,4
5.9,1,Ya,Ya,4,2.3,9.8,jalan-jalan,ketiban sial,2,4
7.0,0,Ya,Ya,3,2.8,7.2,scroll hp,-,2,4
4.3,0,Ya,Tidak,5,3.1,2.3,nugas,diputusin,2,4
7.9,0,Ya,Tidak,1,1.0,7.6,hobi,ketiban sial,2,4
5.1,4,Tidak,Tidak,2,1.0,8.3,masak,galau,2,4
5.1,4,Tidak,Ya,1,1.5,9.8,olahraga,banyak tugas,2,3
7.5,1,Tidak,Ya,4,1.6,9.2,nonton,sakit gigi,2,4
6.9,0,Ya,Tidak,1,3.0,8.9,nugas,bahagia,2,4
6.9,2,Tidak,Tidak,4,3.3,9.1,nugas,sial,2,4
5.7,1,Tidak,Tidak,5,1.6,8.0,hobi,kena sial,2,4
6.9,1,Tidak,Ya,2,2.5,9.1,meeting,banyak tugas,2,4
4.3,2,Tidak,Tidak,4,1.5,8.0,meeting,senang,2,2
4.5,1,Ya,Ya,3,3.1,3.5,meeting,galau,2,4
4.9,3,Tidak,Ya,1,2.6,6.9,olahraga,ketiban sial,2,2
5.6,4,Tidak,Tidak,1,0.6,8.3,tiduran,happy,2,3
6.2,1,Tidak,Tidak,4,1.0,8.1,hobi,mimpi buruk,2,4
8.0,1,Ya,Tidak,2,1.2,6.0,nugas,sakit gigi,2,4
4.8,2,Ya,Ya,2,1.5,6.0,tiduran,jadian,2,4
8.0,0,Tidak,Tidak,1,1.9,3.1,scroll hp,mual,2,4
4.7,0,Tidak,Ya,1,3.4,7.5,dating,sakit perut,2,4
5.0,1,Tidak,Ya,2,1.3,3.5,tiduran,sakit kepala,2,4
4.1,5,Ya,Tidak,2,3.3,9.3,tiduran,jadian,2,1
4.8,4,Tidak,Ya,5,2.7,8.5,scroll hp,-,2,3
6.7,1,Ya,Ya,5,1.0,8.0,kerja,sial,2,4
6.1,0,Ya,Ya,1,1.4,2.7,scroll hp,sakit perut,2,4
4.5,5,Ya,Tidak,1,1.0,8.8,olahraga,nyaman,2,1
4.4,1,Ya,Tidak,2,3.0,2.8,kerja,mual,2,4
5.4,2,Ya,Tidak,5,1.5,8.4,masak,-,2,4
4.4,1,Tidak,Ya,5,1.9,4.7,tiduran,sakit kepala,2,4
6.1,0,Tidak,Ya,3,1.5,6.1,scroll hp,gajian,2,4
6.8,0,Tidak,Tidak,1,1.4,4.8,kerja,sakit kepala,2,4
6.8,2,Tidak,Tidak,2,1.6,7.2,kencan,kena sial,2,4
4.9,3,Ya,Tidak,2,2.4,9.6,tiduran,gajian,2,2
4.7,1,Tidak,Tidak,5,2.2,6.2,hobi,kena sial,2,4
4.9,4,Ya,Tidak,2,1.0,5.8,dating,mimpi buruk,2,3
5.4,2,Tidak,Ya,1,2.9,4.0,nugas,sakit hati,2,4
6.3,2,Tidak,Ya,2,2.6,6.8,nonton,diputusin,2,4
4.5,3,Tidak,Ya,2,2.2,9.6,dating,mual,2,2
6.1,1,Ya,Ya,1,3.4,7.7,kerja,sakit hati,2,4
6.1,1,Ya,Ya,4,0.5,6.8,hobi,galau,2,4
4.7,2,Ya,Tidak,1,3.3,4.4,hobi,ketiban sial,2,3
7.6,0,Tidak,Tidak,1,1.0,6.7,nonton,-,2,4
5.5,1,Tidak,Tidak,2,2.5,5.3,nonton,sakit gigi,2,4
6.3,0,Tidak,Ya,4,0.7,4.8,nugas,sial,2,4
4.5,4,Tidak,Ya,3,1.1,6.7,nonton,sakit hati,2,3
6.5,0,Ya,Tidak,3,1.5,5.0,scroll hp,diputusin,2,4
5.0,0,Ya,Ya,4,2.0,4.1,nugas,sial,2,4
6.3,3,Ya,Ya,4,2.6,7.6,scroll hp,sial,2,3
4.9,1,Tidak,Tidak,1,1.3,7.0,masak,happy,2,4
6.6,1,Tidak,Tidak,5,1.7,8.6,nugas,mendapatkan gaji,2,4
4.9,3,Ya,Ya,5,1.4,9.0,dating,galau,2,4
8.2,1,Ya,Tidak,1,1.8,9.1,jalan-jalan,ketiban sial,2,4
5.8,5,Ya,Tidak,5,1.0,8.2,nonton,kena sial,2,4
4.8,1,Ya,Tidak,5,2.5,5.3,meeting,kena sial,2,4
4.0,1,Ya,Tidak,3,1.8,4.5,kerja,gajian,2,3
4.2,1,Ya,Ya,2,2.3,5.1,kencan,sakit hati,2,4
4.2,5,Tidak,Tidak,4,1.9,8.5,olahraga,sial,2,1
8.4,2,Tidak,Tidak,1,0.6,7.2,tiduran,sakit hati,2,4
5.2,0,Ya,Tidak,2,3.5,4.3,kencan,sakit hati,2,4
5.8,5,Tidak,Tidak,2,1.3,8.2,nonton,sakit perut,2,3
4.7,3,Tidak,Tidak,2,0.7,5.6,olahraga,galau,2,3
4.6,1,Tidak,Tidak,3,2.3,6.3,kencan,mimpi buruk,2,3
4.9,0,Tidak,Ya,3,1.3,9.4,olahraga,senang,2,4
6.4,2,Tidak,Tidak,4,1.7,10.0,dating,sakit kepala,2,3
6.3,0,Ya,Tidak,5,1.4,3.7,scroll hp,kena sial,2,4
7.0,1,Tidak,Tidak,2,1.6,8.1,scroll hp,happy,2,4
6.3,1,Ya,Tidak,1,1.2,9.0,tiduran,dapat gaji,2,4
5.4,1,Ya,Ya,4,0.9,3.3,olahraga,sial,2,4
5.2,0,Ya,Ya,3,2.8,7.9,masak,ketiban sial,2,4
5.9,2,Tidak,Tidak,2,1.8,5.9,scroll hp,-,2,4
5.6,2,Ya,Tidak,1,3.2,8.5,tiduran,nyaman,2,3
8.3,3,Tidak,Ya,2,0.8,9.6,hobi,sakit kepala,2,4
5.2,3,Tidak,Ya,4,0.5,3.9,nonton,mual,2,3
7.7,0,Ya,Tidak,1,0.9,4.7,nonton,sakit gigi,2,4
4.0,1,Tidak,Tidak,3,0.8,2.5,nugas,-,2,4
4.6,4,Ya,Tidak,3,1.9,3.3,scroll hp,sial,2,4
4.5,0,Ya,Tidak,1,3.4,3.5,jalan-jalan,galau,2,4
5.6,2,Tidak,Ya,2,3.3,6.8,jalan-jalan,diputusin,2,4
5.1,4,Ya,Ya,3,0.8,8.2,nugas,bahagia,2,4
5.6,0,Tidak,Tidak,4,2.0,8.5,olahraga,diputusin,2,4
6.2,1,Tidak,Ya,3,1.3,9.0,nonton,sial,2,4
4.7,0,Ya,Tidak,5,2.5,9.8,olahraga,mendapatkan gaji,2,4
6.6,4,Ya,Tidak,4,2.3,10.0,scroll hp,sial,2,3
4.3,2,Tidak,Tidak,3,1.7,6.0,nugas,-,2,3
4.4,2,Ya,Ya,3,1.4,4.5,tiduran,mimpi buruk,2,4
4.5,4,Ya,Ya,4,0.7,8.0,nonton,jadian,2,3
7.7,0,Ya,Tidak,1,2.0,6.2,meeting,mimpi buruk,2,4
4.6,0,Tidak,Tidak,1,3.5,8.2,kencan,dapat gaji,2,2
5.5,0,Tidak,Tidak,1,2.4,3.8,kerja,mual,2,4
5.8,5,Tidak,Tidak,1,0.7,6.7,nonton,-,2,3
6.5,0,Tidak,Tidak,2,1.9,6.6,meeting,mendapatkan gaji,2,4
5.3,1,Ya,Tidak,3,2.8,6.6,kerja,mimpi buruk,2,4
5.9,3,Tidak,Ya,5,1.2,7.3,tiduran,diputusin,2,4
5.1,5,Ya,Tidak,3,0.9,5.4,scroll hp,-,2,3
6.3,0,Ya,Ya,3,0.9,5.9,dating,mimpi buruk,2,4
6.7,0,Ya,Ya,1,3.0,8.4,kerja,sakit hati,2,4
8.3,2,Ya,Tidak,3,1.3,8.9,nugas,sakit kepala,2,4
6.2,3,Ya,Tidak,1,0.7,6.8,kencan,banyak tugas,2,4
4.9,2,Ya,Tidak,4,1.6,9.8,dating,gajian,2,2
6.7,2,Tidak,Tidak,5,0.5,5.8,nugas,sakit gigi,2,4
4.7,5,Ya,Tidak,2,2.7,8.8,jalan-jalan,sakit kepala,2,2
7.2,0,Ya,Ya,2,1.2,7.5,nonton,bahagia,3,4
4.4,2,Ya,Ya,3,2.4,8.4,kerja,dapat gaji,3,3
4.4,3,Ya,Ya,5,3.4,8.3,meeting,gajian,3,2
4.3,4,Ya,Tidak,2,3.4,8.4,dating,gajian,3,1
4.2,2,Ya,Tidak,3,2.4,7.8,kencan,bahagia,3,1
4.7,1,Tidak,Ya,1,1.6,0.9,meeting,diputusin,3,4
5.8,4,Ya,Ya,5,1.7,8.9,jalan-jalan,kena sial,3,4
7.3,1,Tidak,Ya,2,2.1,4.5,scroll hp,mimpi buruk,3,4
7.6,3,Ya,Tidak,1,0.6,8.8,olahraga,banyak tugas,3,4
6.7,2,Tidak,Tidak,4,1.3,8.4,scroll hp,dapat uang,3,3
5.2,0,Ya,Ya,3,3.3,6.4,meeting,dapat uang,3,4
5.9,1,Ya,Ya,1,1.9,7.0,hobi,nyaman,3,4
4.8,3,Tidak,Ya,5,0.8,2.6,nugas,mual,3,4
4.3,3,Ya,Tidak,5,2.9,6.5,kencan,banyak tugas,3,3
5.8,4,Tidak,Tidak,3,1.9,9.9,jalan-jalan,ketiban sial,3,2
6.7,5,Ya,Tidak,3,1.8,6.3,scroll hp,mimpi buruk,3,3
4.4,4,Tidak,Ya,3,1.0,10.0,scroll hp,jadian,3,2
6.6,2,Tidak,Tidak,5,1.9,9.6,meeting,dapat gaji,3,3
6.6,1,Ya,Tidak,2,1.9,8.6,jalan-jalan,dapat uang,3,3
7.5,0,Tidak,Tidak,2,1.9,6.8,tiduran,nyaman,3,4
4.6,1,Tidak,Ya,5,2.0,7.3,dating,sakit kepala,3,4
6.3,0,Ya,Tidak,3,2.5,5.8,nugas,-,3,4
6.6,5,Tidak,Tidak,1,3.0,9.8,meeting,sakit perut,3,2
6.8,0,Tidak,Tidak,4,3.3,9.7,hobi,sakit kepala,3,4
5.5,0,Tidak,Ya,1,1.1,2.5,tiduran,sial,3,4
6.0,1,Tidak,Tidak,4,2.8,5.7,nugas,galau,3,4
4.1,4,Tidak,Tidak,5,0.5,5.7,kerja,sakit gigi,3,4
6.4,0,Ya,Tidak,4,3.3,3.9,scroll hp,sakit kepala,3,4
5.3,1,Tidak,Tidak,1,2.9,7.3,nonton,senang,3,3
5.7,3,Ya,Ya,4,1.2,9.6,meeting,dapat gaji,3,2
6.0,5,Tidak,Tidak,5,1.1,6.3,kerja,ketiban sial,3,4
5.0,5,Tidak,Ya,5,1.6,6.1,nonton,sakit kepala,3,3
5.9,5,Tidak,Ya,3,0.8,8.2,hobi,sakit kepala,3,2
4.4,4,Tidak,Ya,1,1.0,5.6,kencan,ketiban sial,3,2
6.7,3,Tidak,Tidak,1,2.8,6.1,tiduran,diputusin,3,3
4.3,4,Ya,Ya,1,1.0,2.1,tiduran,sakit gigi,3,3
4.2,0,Ya,Ya,4,1.9,2.8,kerja,sakit perut,3,4
6.5,3,Ya,Tidak,2,1.0,7.0,nugas,dapat uang,3,3
7.2,1,Tidak,Ya,5,2.2,7.2,meeting,mual,3,4
5.9,5,Tidak,Ya,1,0.9,7.0,jalan-jalan,sial,3,3
7.8,2,Ya,Tidak,2,2.0,8.3,tiduran,sakit gigi,3,4
7.4,2,Tidak,Ya,1,2.0,6.7,meeting,kena sial,3,4
6.9,4,Tidak,Tidak,2,1.5,8.3,kencan,sakit hati,3,3
8.2,5,Tidak,Ya,1,1.0,8.8,tiduran,galau,3,3
4.6,2,Tidak,Tidak,1,1.0,5.0,meeting,nyaman,3,2
8.9,3,Tidak,Tidak,5,0.9,8.1,tiduran,sakit perut,3,4
4.4,1,Ya,Tidak,5,2.2,8.0,hobi,senang,3,3
7.6,3,Ya,Tidak,2,1.6,9.5,nonton,banyak tugas,3,4
4.5,2,Ya,Ya,5,2.5,5.3,dating,kena sial,3,4
6.9,3,Tidak,Tidak,1,1.6,6.7,olahraga,sakit gigi,3,3
5.3,2,Ya,Ya,4,2.8,6.0,tiduran,diputusin,3,4
6.0,1,Ya,Tidak,1,2.7,5.4,tiduran,sakit perut,3,4
7.2,1,Tidak,Tidak,3,1.2,6.9,kencan,sakit perut,3,4
6.1,3,Tidak,Tidak,4,1.6,7.2,jalan-jalan,mual,3,2
4.7,4,Ya,Tidak,3,2.9,7.0,hobi,ketiban sial,3,2
7.7,4,Ya,Ya,2,1.7,9.7,tiduran,diputusin,3,4
6.3,0,Tidak,Ya,4,2.0,7.0,hobi,sakit hati,3,4
4.8,5,Ya,Ya,4,1.7,7.4,hobi,sakit hati,3,2
6.3,0,Tidak,Ya,5,1.2,8.8,kencan,senang,3,4
4.2,0,Tidak,Ya,3,3.0,6.8,kerja,nyaman,3,4
5.1,2,Ya,Ya,1,1.6,2.2,dating,sakit gigi,3,4
5.1,1,Tidak,Tidak,4,1.1,5.0,jalan-jalan,sakit hati,3,3
4.2,4,Ya,Ya,2,3.3,1.4,scroll hp,sial,3,3
7.8,2,Tidak,Ya,1,1.0,6.7,nugas,senang,3,4
4.6,4,Ya,Tidak,5,2.4,9.8,meeting,dapat gaji,3,2
5.1,2,Ya,Ya,5,2.9,6.2,scroll hp,bahagia,3,4
5.5,2,Ya,Ya,5,2.3,7.1,nonton,jadian,3,4
5.7,5,Tidak,Tidak,5,2.0,8.0,nugas,mual,3,3
4.9,5,Tidak,Tidak,3,1.0,9.6,olahraga,sakit gigi,3,1
5.1,0,Ya,Ya,4,1.4,7.7,dating,happy,3,4
5.6,3,Tidak,Tidak,4,0.8,5.1,kencan,kena sial,3,2
8.6,0,Ya,Tidak,2,0.8,8.8,kerja,dapat uang,3,4
5.5,3,Ya,Tidak,1,2.4,2.4,nugas,mimpi buruk,3,3
8.1,0,Ya,Ya,1,3.2,6.6,nugas,sakit perut,3,4
5.0,5,Tidak,Tidak,5,0.6,8.6,jalan-jalan,banyak tugas,3,3
6.0,4,Ya,Ya,3,0.8,9.3,scroll hp,dapat uang,3,3
5.3,1,Ya,Ya,1,3.1,9.7,jalan-jalan,senang,3,4
7.8,3,Ya,Ya,2,1.3,6.4,scroll hp,sial,3,4
6.3,3,Tidak,Tidak,5,3.4,8.8,nonton,sial,3,3
7.0,4,Tidak,Tidak,4,0.6,10.0,olahraga,mimpi buruk,3,3
6.4,5,Tidak,Tidak,2,0.9,8.4,meeting,dapat uang,3,2
4.6,4,Ya,Ya,1,1.6,4.9,nugas,bahagia,3,3
8.0,4,Tidak,Tidak,1,1.5,6.4,nonton,ketiban sial,3,4
6.1,1,Ya,Tidak,2,2.4,9.8,olahraga,dapat gaji,3,2
5.7,1,Ya,Tidak,3,1.2,3.4,tiduran,banyak tugas,3,4
7.4,1,Ya,Tidak,1,1.0,4.7,tiduran,mimpi buruk,3,4
7.0,0,Tidak,Ya,2,2.8,7.8,olahraga,banyak tugas,3,4
4.6,1,Ya,Ya,2,3.0,6.1,hobi,dapat uang,3,4
7.8,2,Tidak,Tidak,2,1.0,6.2,dating,sakit hati,3,4
5.7,5,Tidak,Tidak,2,3.5,9.0,hobi,sial,3,1
5.0,1,Ya,Ya,5,3.1,8.8,dating,banyak tugas,3,4
5.5,1,Ya,Tidak,2,2.9,2.5,tiduran,mual,3,4
4.2,1,Ya,Tidak,5,1.4,4.3,tiduran,dapat gaji,3,4
5.2,0,Tidak,Ya,3,2.1,9.5,nonton,gajian,3,4
6.6,2,Ya,Ya,1,2.0,6.3,kerja,ketiban sial,3,4
5.3,3,Ya,Tidak,4,1.0,6.7,meeting,bahagia,3,2
4.9,5,Tidak,Tidak,5,2.9,6.9,nonton,sakit kepala,3,2
8.7,3,Ya,Ya,1,3.0,7.8,scroll hp,kena sial,3,4
5.2,0,Tidak,Ya,2,3.5,8.7,dating,nyaman,3,4
5.5,2,Ya,Tidak,1,1.0,5.7,kerja,mendapatkan gaji,3,4
5.2,5,Ya,Ya,5,0.8,9.7,nonton,nyaman,3,3
5.1,2,Tidak,Ya,1,2.3,3.9,kerja,sial,3,4
4.7,2,Tidak,Tidak,4,1.0,10.0,dating,bahagia,3,1
4.3,2,Tidak,Tidak,2,3.0,3.9,jalan-jalan,sakit perut,3,2
7.7,5,Ya,Tidak,1,1.6,9.7,nonton,kena sial,3,3
6.8,2,Tidak,Ya,2,2.0,9.2,nugas,banyak tugas,3,4
8.9,1,Ya,Tidak,1,1.7,7.6,jalan-jalan,sakit perut,3,4
7.1,5,Tidak,Ya,1,3.1,9.9,scroll hp,sakit kepala,3,3
6.4,4,Tidak,Ya,5,0.5,6.2,olahraga,sial,3,4
5.6,0,Tidak,Ya,5,1.1,7.3,kencan,banyak tugas,3,4
4.4,2,Tidak,Tidak,3,0.6,5.2,meeting,nyaman,3,2
7.2,5,Tidak,Ya,2,1.1,9.3,nonton,galau,3,3
4.2,4,Tidak,Tidak,1,3.0,7.2,nonton,happy,3,1
5.4,1,Ya,Tidak,5,3.1,3.9,tiduran,sakit gigi,3,4
8.6,0,Tidak,Tidak,1,0.8,6.3,nonton,mendapatkan gaji,3,4
7.5,0,Ya,Ya,3,1.0,8.8,kencan,sial,3,4
5.8,2,Ya,Ya,2,0.7,4.6,olahraga,bahagia,3,4
5.0,4,Ya,Ya,1,3.1,6.8,jalan-jalan,mual,3,3
6.9,1,Tidak,Ya,1,2.8,5.6,nonton,sakit perut,3,4
5.8,1,Ya,Tidak,4,3.0,9.9,jalan-jalan,happy,3,2
6.4,2,Tidak,Tidak,4,1.2,4.6,nugas,sakit perut,3,4
6.6,4,Tidak,Tidak,4,0.7,7.7,nugas,jadian,3,3
4.5,4,Ya,Tidak,3,1.0,5.0,meeting,-,3,2
5.8,4,Ya,Ya,5,0.7,3.5,meeting,galau,3,4
5.4,1,Tidak,Tidak,1,1.7,7.0,kencan,happy,3,3
4.6,3,Tidak,Ya,5,2.6,5.9,scroll hp,banyak tugas,3,3
5.9,3,Ya,Tidak,3,3.2,6.8,kerja,kena sial,3,4
5.7,5,Tidak,Ya,3,1.1,9.1,dating,sakit perut,3,1
6.3,1,Ya,Tidak,2,2.5,4.9,nugas,banyak tugas,3,4
5.6,5,Ya,Ya,4,0.6,8.3,hobi,dapat gaji,3,1
4.1,2,Tidak,Tidak,2,3.0,3.5,olahraga,sakit perut,3,2
4.4,5,Tidak,Tidak,3,1.6,9.9,meeting,dapat uang,3,0
4.1,4,Tidak,Tidak,5,2.4,6.1,kerja,sakit hati,3,3
4.4,3,Ya,Ya,5,3.2,9.6,dating,gajian,3,1
7.4,1,Tidak,Tidak,2,2.6,7.6,nugas,mendapatkan gaji,3,4
5.7,2,Tidak,Tidak,3,1.4,8.4,hobi,-,3,2
5.2,4,Tidak,Tidak,1,0.7,6.1,kencan,happy,3,2
8.4,1,Tidak,Tidak,2,1.1,6.8,olahraga,ketiban sial,3,4
4.2,3,Ya,Ya,4,1.1,4.3,jalan-jalan,sakit gigi,3,2
7.3,3,Tidak,Ya,3,0.5,8.8,jalan-jalan,diputusin,3,3
6.8,1,Ya,Ya,4,0.9,5.4,nonton,ketiban sial,3,4
5.9,3,Ya,Ya,2,1.8,8.3,masak,nyaman,3,3
4.7,4,Tidak,Tidak,4,0.5,8.2,jalan-jalan,jadian,3,1
7.3,4,Tidak,Tidak,2,1.5,9.3,dating,sakit perut,3,3
5.9,2,Ya,Tidak,5,1.9,1.6,nugas,diputusin,3,4
5.7,3,Ya,Tidak,5,2.2,8.6,meeting,bahagia,3,2
5.2,1,Ya,Tidak,2,2.9,4.7,olahraga,-,3,3
5.9,1,Tidak,Ya,2,1.6,3.5,kencan,mual,3,4
6.8,4,Tidak,Ya,5,0.9,9.5,nonton,mimpi buruk,3,4
4.1,3,Tidak,Tidak,1,1.5,7.4,hobi,senang,3,1
4.0,4,Ya,Tidak,3,1.5,0.6,scroll hp,kena sial,3,3
8.7,2,Tidak,Tidak,4,2.6,9.6,nugas,mual,3,4
6.6,0,Ya,Tidak,2,0.8,5.0,jalan-jalan,banyak tugas,3,4
5.1,1,Tidak,Tidak,4,2.1,5.0,kerja,ketiban sial,3,4
5.8,2,Tidak,Ya,4,3.0,6.0,nugas,sakit hati,3,4
8.0,1,Ya,Tidak,4,1.0,9.1,jalan-jalan,sakit perut,3,4
4.3,0,Tidak,Ya,1,3.2,5.2,meeting,dapat uang,3,4
4.7,4,Tidak,Ya,4,2.9,9.5,nugas,mendapatkan gaji,3,1
8.9,4,Ya,Tidak,2,1.1,8.9,tiduran,mimpi buruk,3,4
5.5,1,Ya,Tidak,4,0.6,1.9,dating,sakit kepala,3,4
5.0,4,Tidak,Ya,2,1.0,4.8,scroll hp,mimpi buruk,3,4
6.3,4,Tidak,Ya,1,1.0,8.7,nonton,jadian,3,2
4.7,0,Tidak,Ya,4,1.4,7.1,kencan,mendapatkan gaji,3,4
4.2,5,Ya,Tidak,5,2.9,5.0,tiduran,mual,3,2
5.4,4,Tidak,Tidak,1,0.7,7.2,dating,senang,3,2
6.4,0,Tidak,Ya,4,1.2,5.9,nugas,bahagia,3,4
7.0,1,Tidak,Ya,5,0.9,7.6,olahraga,sial,3,4
7.5,2,Tidak,Tidak,1,2.3,5.6,nugas,sakit hati,3,4
7.0,1,Ya,Tidak,2,3.2,3.5,nugas,ketiban sial,3,4
4.9,5,Ya,Tidak,2,1.4,7.4,jalan-jalan,mendapatkan gaji,3,1
4.8,0,Ya,Tidak,1,0.8,2.7,kencan,gajian,3,4
5.4,4,Tidak,Tidak,4,2.5,8.1,meeting,sakit gigi,3,2
5.5,0,Ya,Tidak,4,3.2,3.8,masak,sakit gigi,3,4
6.8,0,Ya,Tidak,4,3.1,9.4,masak,ketiban sial,3,4
6.2,2,Tidak,Tidak,5,1.9,8.1,masak,mimpi buruk,3,4
5.4,4,Tidak,Tidak,5,1.5,8.1,scroll hp,nyaman,3,3
4.7,2,Ya,Ya,3,3.3,6.9,jalan-jalan,sakit hati,3,4
7.3,4,Tidak,Tidak,2,1.1,8.7,scroll hp,gajian,3,3
5.1,2,Tidak,Tidak,5,3.1,7.0,kencan,mual,3,3
6.0,0,Ya,Tidak,4,0.6,5.5,kerja,bahagia,3,4
5.6,4,Tidak,Tidak,1,3.2,7.7,scroll hp,senang,3,2
4.7,0,Tidak,Ya,1,2.3,9.5,dating,happy,3,4
4.3,1,Tidak,Tidak,5,1.7,6.3,jalan-jalan,senang,3,3
6.8,3,Ya,Ya,2,2.2,9.1,kencan,diputusin,3,2
5.6,5,Ya,Tidak,1,2.3,8.2,scroll hp,dapat uang,3,2
9.0,0,Ya,Ya,4,1.5,6.1,nonton,sakit gigi,3,4
7.2,1,Tidak,Ya,3,3.5,6.4,scroll hp,diputusin,3,4
4.0,4,Ya,Ya,4,1.7,4.6,scroll hp,senang,3,2
8.3,0,Ya,Ya,5,0.5,4.0,meeting,kena sial,3,4
6.7,3,Tidak,Ya,1,2.8,9.6,masak,kena sial,3,3
4.7,4,Ya,Ya,4,1.8,6.0,masak,sakit gigi,3,3
7.9,1,Ya,Tidak,5,1.1,8.7,hobi,kena sial,3,4
6.8,4,Ya,Tidak,4,0.9,7.5,masak,sakit kepala,3,4
6.1,2,Tidak,Ya,5,1.5,8.1,kencan,sakit kepala,3,4
4.2,2,Ya,Ya,2,1.2,4.0,jalan-jalan,mendapatkan gaji,3,3
7.6,0,Ya,Ya,4,1.0,6.6,dating,ketiban sial,3,4
5.3,0,Ya,Ya,4,2.4,5.1,hobi,sakit hati,3,4
6.6,4,Tidak,Tidak,2,1.8,8.7,jalan-jalan,diputusin,3,3
5.4,5,Ya,Tidak,2,0.7,5.4,dating,banyak tugas,3,3
4.3,4,Ya,Tidak,1,2.5,7.8,hobi,nyaman,3,1
8.7,1,Ya,Tidak,2,2.7,9.3,nonton,ketiban sial,3,4
8.2,0,Ya,Tidak,1,2.7,8.2,jalan-jalan,mual,3,4
8.8,1,Ya,Tidak,1,2.6,8.4,kerja,diputusin,3,4
6.5,3,Ya,Tidak,4,1.2,4.8,scroll hp,mimpi buruk,3,3
4.2,2,Tidak,Ya,3,1.8,4.3,scroll hp,nyaman,3,3
5.8,3,Ya,Tidak,4,3.1,6.0,meeting,mimpi buruk,3,2
6.7,2,Ya,Tidak,3,1.6,9.3,masak,mual,3,4
6.1,5,Tidak,Tidak,5,0.8,6.7,masak,sial,3,4
7.5,1,Tidak,Ya,4,0.5,9.9,hobi,sial,3,4
8.1,2,Tidak,Tidak,1,1.6,7.0,kencan,sakit kepala,3,4
7.1,3,Tidak,Ya,1,0.8,8.9,hobi,banyak tugas,3,4
5.7,3,Tidak,Tidak,1,3.3,8.3,dating,sial,3,2
5.1,5,Ya,Tidak,4,0.5,3.8,masak,galau,3,3
4.1,0,Ya,Tidak,4,2.4,5.9,olahraga,-,3,2
5.1,3,Tidak,Tidak,3,3.3,6.8,meeting,sakit kepala,3,2
5.8,1,Ya,Ya,2,1.3,2.6,scroll hp,banyak tugas,3,4
8.7,4,Tidak,Ya,1,1.6,7.9,nugas,sakit kepala,3,4
4.2,1,Ya,Tidak,2,2.5,5.1,jalan-jalan,jadian,3,2
4.7,0,Tidak,Ya,2,2.0,6.1,nonton,dapat gaji,3,4
6.0,2,Ya,Tidak,4,2.4,6.0,scroll hp,mual,3,3
5.1,2,Tidak,Tidak,5,1.0,9.5,hobi,jadian,3,2
5.8,0,Tidak,Tidak,4,1.8,4.7,olahraga,mimpi buruk,3,4
5.0,2,Tidak,Tidak,1,1.8,3.3,kencan,sial,3,3
8.5,0,Tidak,Ya,3,0.8,7.8,hobi,sakit hati,3,4
5.6,1,Ya,Tidak,2,3.2,3.1,kencan,kena sial,3,4
4.9,3,Ya,Ya,3,1.8,1.5,scroll hp,ketiban sial,3,3
5.9,5,Ya,Tidak,4,1.7,9.6,nonton,nyaman,3,1
4.3,3,Tidak,Ya,1,3.2,9.2,hobi,mendapatkan gaji,3,0
4.9,1,Ya,Tidak,2,0.5,1.7,dating,-,3,4
6.2,4,Tidak,Tidak,4,1.6,9.2,kencan,sakit kepala,3,2
4.7,2,Ya,Ya,4,1.2,3.8,tiduran,sakit gigi,3,4
8.1,0,Tidak,Tidak,1,2.7,8.6,kerja,sakit kepala,3,4
4.9,4,Ya,Tidak,2,0.9,5.7,jalan-jalan,gajian,3,2
8.8,1,Tidak,Tidak,3,1.1,7.5,kerja,galau,3,4
4.8,3,Tidak,Ya,5,3.1,9.8,jalan-jalan,kena sial,3,2
5.6,5,Tidak,Ya,1,2.7,7.8,nonton,kena sial,3,2
4.5,4,Ya,Ya,5,1.5,6.8,hobi,sakit perut,3,4
4.1,2,Tidak,Tidak,5,2.2,4.1,nonton,galau,3,3
7.8,1,Tidak,Tidak,3,2.8,9.6,tiduran,mimpi buruk,3,4
5.5,2,Ya,Ya,5,2.9,6.9,kencan,sakit gigi,3,4
4.2,1,Ya,Ya,3,2.5,6.7,olahraga,senang,3,3
5.2,2,Ya,Tidak,2,3.3,7.1,kerja,nyaman,3,4
4.5,0,Tidak,Tidak,5,2.7,4.1,hobi,diputusin,3,4
5.2,4,Ya,Ya,5,1.2,8.7,kerja,jadian,3,4
5.6,1,Tidak,Ya,4,2.8,5.5,nugas,sakit gigi,3,4
6.1,0,Tidak,Tidak,4,2.0,7.5,masak,galau,3,4
4.8,0,Tidak,Ya,2,3.1,6.1,jalan-jalan,gajian,3,4
7.9,2,Tidak,Tidak,1,1.2,8.9,kencan,mual,3,4
5.0,1,Tidak,Ya,2,1.2,3.3,kerja,sakit perut,3,4
7.3,4,Tidak,Ya,2,1.4,9.1,olahraga,kena sial,3,3
4.3,5,Tidak,Ya,1,1.5,2.7,nugas,ketiban sial,3,2
7.7,2,Ya,Tidak,5,0.9,4.3,nugas,ketiban sial,3,4
8.9,1,Tidak,Tidak,5,0.8,8.0,tiduran,banyak tugas,3,4
7.9,0,Tidak,Tidak,3,1.0,7.8,masak,ketiban sial,3,4
6.5,2,Ya,Ya,3,1.4,6.4,hobi,galau,3,4
6.5,4,Tidak,Tidak,1,1.1,3.0,scroll hp,sakit perut,3,4
7.4,3,Tidak,Tidak,1,1.7,7.7,tiduran,banyak tugas,3,4
5.3,3,Tidak,Tidak,1,1.2,6.1,meeting,dapat uang,3,2
4.0,4,Ya,Ya,4,2.2,9.1,nonton,senang,3,1
4.0,2,Ya,Tidak,3,1.5,2.8,masak,diputusin,3,3
4.6,4,Ya,Ya,2,2.9,3.4,nugas,kena sial,3,4
4.9,3,Tidak,Tidak,4,0.9,5.9,scroll hp,dapat uang,3,2
4.5,1,Ya,Ya,5,2.7,6.2,jalan-jalan,senang,3,4
8.7,0,Tidak,Ya,5,1.3,6.4,nonton,sakit perut,3,4
8.9,0,Ya,Tidak,3,0.7,6.2,masak,sakit perut,3,4
7.7,5,Tidak,Tidak,4,0.8,7.5,tiduran,sial,3,3
9.0,0,Ya,Tidak,1,0.6,6.2,olahraga,banyak tugas,3,4
4.5,5,Tidak,Ya,4,0.9,8.6,scroll hp,jadian,3,2
8.3,5,Ya,Tidak,2,2.8,9.0,scroll hp,sakit hati,3,3
6.0,0,Tidak,Tidak,2,2.2,8.3,dating,senang,3,2
4.8,1,Tidak,Tidak,3,1.9,7.8,olahraga,nyaman,3,2
6.1,0,Tidak,Ya,5,0.7,3.5,masak,sakit kepala,3,4
5.3,5,Tidak,Tidak,1,1.7,5.8,kerja,kena sial,3,3
7.7,0,Tidak,Ya,2,1.8,9.3,olahraga,senang,3,4
8.2,3,Ya,Tidak,1,0.5,8.4,olahraga,sakit gigi,3,4
4.8,3,Ya,Ya,4,2.7,7.3,jalan-jalan,ketiban sial,3,2
6.6,4,Tidak,Ya,5,0.7,6.7,hobi,sakit gigi,3,4
5.7,1,Tidak,Tidak,3,0.8,5.8,kencan,-,3,3
6.7,1,Tidak,Tidak,4,0.9,3.3,nonton,sakit hati,3,4
7.5,0,Tidak,Tidak,4,1.8,6.5,olahraga,mual,3,4
4.5,0,Ya,Ya,4,1.4,3.5,jalan-jalan,diputusin,3,4
4.4,0,Tidak,Ya,4,1.8,6.0,jalan-jalan,diputusin,3,4
4.4,1,Ya,Tidak,5,3.4,7.4,dating,happy,3,3
5.7,4,Tidak,Tidak,4,2.4,7.7,nugas,banyak tugas,3,3
7.3,0,Ya,Ya,1,2.7,9.6,olahraga,galau,3,4
5.1,1,Tidak,Tidak,3,1.4,5.3,kerja,kena sial,3,4
4.8,1,Tidak,Ya,4,2.6,8.8,nugas,nyaman,3,4
8.3,5,Ya,Tidak,4,0.7,9.5,scroll hp,-,3,3
7.9,0,Tidak,Tidak,5,1.3,9.5,kencan,-,3,4
6.8,1,Ya,Ya,2,1.3,4.2,scroll hp,sakit hati,3,4
5.1,5,Tidak,Ya,2,1.9,4.5,nugas,mimpi buruk,3,3
6.6,3,Ya,Ya,4,3.3,8.6,nonton,sial,3,2
5.2,1,Tidak,Tidak,2,3.0,1.7,nugas,sakit perut,3,4
4.3,4,Tidak,Ya,2,3.4,6.8,hobi,sakit perut,3,2
5.0,4,Tidak,Ya,1,1.4,6.1,kerja,sakit perut,3,4
5.1,0,Ya,Tidak,3,3.3,7.2,olahraga,jadian,3,2
8.5,0,Ya,Tidak,3,3.2,6.4,scroll hp,sial,3,4
5.6,2,Tidak,Ya,1,2.3,8.5,dating,mual,3,4
4.1,2,Ya,Ya,2,1.9,2.1,meeting,sakit kepala,3,4
7.7,2,Ya,Ya,4,1.4,9.7,kerja,sakit hati,3,4
6.4,0,Ya,Ya,5,0.7,4.4,jalan-jalan,diputusin,3,4
4.1,0,Tidak,Tidak,5,2.7,9.0,jalan-jalan,senang,3,2
4.4,1,Tidak,Tidak,3,3.1,4.1,nonton,sakit kepala,3,3
5.5,0,Ya,Ya,5,2.9,5.0,olahraga,sakit gigi,3,4
4.8,3,Ya,Tidak,4,2.5,8.0,tiduran,nyaman,3,1
6.4,0,Ya,Tidak,3,3.1,7.3,olahraga,galau,3,4
5.8,1,Ya,Tidak,5,2.2,9.9,jalan-jalan,senang,3,3
5.0,3,Ya,Ya,2,3.4,6.4,nonton,banyak tugas,3,4
4.5,3,Tidak,Tidak,4,3.0,7.1,jalan-jalan,sakit gigi,3,1
5.0,1,Ya,Ya,2,0.8,5.2,olahraga,jadian,3,4
6.6,2,Tidak,Tidak,5,3.1,8.6,tiduran,galau,3,4
4.1,5,Tidak,Tidak,2,3.1,6.7,jalan-jalan,mual,3,1
4.8,2,Tidak,Ya,4,3.0,9.8,kencan,ketiban sial,3,3
6.0,1,Tidak,Ya,1,2.4,8.3,kerja,-,3,4
5.8,3,Tidak,Ya,4,0.9,8.3,meeting,happy,3,2
5.4,0,Ya,Ya,2,1.4,1.5,olahraga,sakit perut,3,4
4.6,1,Tidak,Ya,1,1.6,3.1,jalan-jalan,ketiban sial,3,4
4.4,3,Ya,Ya,3,0.8,4.5,masak,kena sial,3,4
6.6,0,Ya,Tidak,4,3.5,6.2,nugas,gajian,3,4
4.1,2,Tidak,Tidak,5,1.6,4.2,kerja,ketiban sial,3,4
4.5,4,Ya,Ya,4,1.7,3.4,nonton,ketiban sial,3,3
5.6,0,Ya,Ya,1,2.0,4.5,nonton,gajian,3,4
4.1,1,Ya,Ya,3,1.5,3.5,kerja,mendapatkan gaji,3,4
4.4,5,Tidak,Tidak,5,2.0,7.8,scroll hp,banyak tugas,3,3
5.6,2,Tidak,Tidak,1,1.8,5.0,meeting,-,3,3
5.4,3,Ya,Ya,4,1.7,7.5,tiduran,happy,3,2
7.5,5,Tidak,Tidak,2,0.7,8.0,masak,sakit gigi,3,4
4.0,2,Ya,Ya,4,2.3,5.1,olahraga,sakit gigi,3,3
5.0,0,Tidak,Ya,5,2.7,7.7,kencan,kena sial,3,4
4.5,2,Tidak,Ya,1,1.3,3.6,nonton,sakit kepala,3,4
6.3,1,Ya,Ya,3,2.3,7.8,meeting,galau,3,4
6.0,2,Tidak,Tidak,3,1.3,4.8,tiduran,ketiban sial,3,3
4.2,0,Ya,Tidak,2,2.1,1.9,masak,sakit gigi,3,4
6.8,0,Tidak,Tidak,4,1.9,7.7,meeting,bahagia,3,4
8.5,2,Tidak,Tidak,1,1.5,9.9,kencan,mimpi buruk,3,4
5.8,5,Ya,Tidak,4,1.8,7.6,jalan-jalan,kena sial,3,2
4.1,3,Tidak,Ya,4,3.2,8.2,meeting,-,3,1
7.2,3,Ya,Ya,2,0.6,5.7,tiduran,mual,3,4
6.5,1,Tidak,Tidak,1,2.6,6.8,hobi,sakit kepala,3,4
6.5,4,Tidak,Ya,3,1.5,9.1,scroll hp,bahagia,3,2
7.2,1,Tidak,Tidak,3,1.5,6.5,jalan-jalan,sial,3,4
7.7,3,Ya,Ya,3,1.2,7.4,tiduran,ketiban sial,3,3
4.8,1,Tidak,Ya,1,0.6,2.7,jalan-jalan,diputusin,3,4
4.2,5,Ya,Tidak,4,1.6,6.3,olahraga,banyak tugas,3,2
6.0,0,Ya,Ya,2,2.9,7.2,dating,sakit gigi,3,4
8.3,1,Ya,Ya,1,1.4,4.9,scroll hp,sakit perut,3,4
6.3,2,Tidak,Tidak,5,1.6,8.8,kencan,banyak tugas,3,4
5.4,1,Tidak,Tidak,4,3.2,8.0,kerja,bahagia,3,3
5.8,0,Tidak,Ya,2,1.2,8.5,dating,nyaman,3,4
8.7,1,Tidak,Tidak,3,1.7,6.5,scroll hp,sial,3,4
7.0,3,Ya,Ya,1,1.8,8.6,olahraga,mual,3,3
4.4,0,Tidak,Ya,4,1.1,5.1,olahraga,sakit gigi,3,4
5.5,1,Tidak,Tidak,3,0.5,2.5,scroll hp,-,3,4
5.6,2,Ya,Ya,1,3.5,7.1,kerja,bahagia,3,4
4.4,3,Tidak,Tidak,3,1.3,9.8,hobi,nyaman,3,0
5.5,0,Ya,Tidak,2,2.3,4.8,jalan-jalan,banyak tugas,3,4
6.4,0,Ya,Ya,4,0.6,4.0,dating,sakit hati,3,4
8.7,5,Ya,Tidak,2,0.8,8.6,nonton,diputusin,3,4
8.4,0,Tidak,Ya,4,0.9,8.9,masak,sial,3,4
7.6,1,Tidak,Tidak,3,3.1,9.7,nonton,sakit perut,3,4
5.4,2,Ya,Tidak,5,1.4,4.2,scroll hp,gajian,3,4
5.5,2,Ya,Ya,3,3.2,5.4,nugas,-,3,4
7.1,1,Ya,Tidak,5,0.5,5.7,kencan,mimpi buruk,3,4
9.0,4,Tidak,Ya,1,1.8,9.9,kerja,diputusin,3,4
5.0,3,Ya,Tidak,3,2.1,9.5,tiduran,gajian,3,1
6.3,3,Ya,Tidak,2,2.7,9.8,dating,sakit perut,3,2
4.1,2,Tidak,Tidak,3,3.3,5.4,tiduran,diputusin,3,2
8.3,1,Ya,Tidak,1,0.6,6.0,scroll hp,senang,3,4
4.4,3,Ya,Ya,1,3.0,2.8,kerja,kena sial,3,2
5.6,0,Ya,Ya,2,2.7,1.6,nugas,galau,3,4
5.6,5,Ya,Tidak,1,3.4,7.7,olahraga,mimpi buruk,3,2
4.7,1,Tidak,Tidak,2,0.6,5.6,dating,happy,3,3
4.9,5,Tidak,Tidak,2,3.0,9.0,jalan-jalan,sakit perut,3,1
5.2,2,Ya,Ya,5,1.0,9.3,jalan-jalan,senang,3,4
5.9,1,Ya,Tidak,4,1.6,1.5,nugas,ketiban sial,3,4
7.1,5,Ya,Ya,4,0.8,9.4,nonton,ketiban sial,3,3
8.1,0,Tidak,Tidak,5,1.2,9.9,masak,sakit perut,3,4
6.7,3,Tidak,Ya,2,0.7,4.3,tiduran,mimpi buruk,3,4
5.8,4,Ya,Ya,4,1.1,7.5,nugas,dapat uang,3,3
4.2,2,Ya,Ya,1,3.5,5.7,nugas,mendapatkan gaji,3,4
7.7,3,Ya,Tidak,2,2.0,9.7,nonton,sial,3,3
8.6,4,Tidak,Tidak,3,0.8,9.8,nonton,ketiban sial,3,4
5.0,2,Ya,Ya,4,0.5,1.3,tiduran,galau,3,4
7.5,0,Ya,Tidak,5,3.1,8.7,jalan-jalan,sakit gigi,3,4
5.4,5,Ya,Tidak,2,2.5,3.6,scroll hp,sakit perut,3,3
8.2,2,Tidak,Ya,1,1.9,7.5,tiduran,sakit hati,3,4
7.5,3,Tidak,Ya,5,0.7,4.4,nugas,mual,3,4
6.6,2,Tidak,Tidak,1,1.8,9.5,hobi,senang,3,2
4.9,1,Tidak,Tidak,3,1.7,7.6,jalan-jalan,bahagia,3,2
4.7,0,Tidak,Ya,2,1.2,7.2,hobi,dapat gaji,3,4
5.8,0,Ya,Ya,5,2.7,5.2,tiduran,banyak tugas,3,4
4.2,2,Tidak,Ya,3,2.9,7.2,tiduran,jadian,3,2
4.9,0,Tidak,Ya,3,3.1,5.0,meeting,kena sial,3,4
8.2,0,Ya,Ya,4,0.7,8.2,olahraga,sakit kepala,3,4
6.8,0,Tidak,Tidak,2,1.7,3.5,olahraga,diputusin,3,4
6.6,2,Tidak,Tidak,2,0.5,9.1,masak,mendapatkan gaji,3,4
6.8,3,Tidak,Ya,3,0.8,6.6,nonton,mimpi buruk,3,4
6.9,2,Ya,Ya,1,0.9,2.3,scroll hp,ketiban sial,3,4
8.4,2,Tidak,Ya,5,0.6,8.6,nugas,dapat uang,3,4
5.7,1,Tidak,Ya,1,1.4,4.6,nonton,kena sial,3,4
4.1,1,Ya,Tidak,5,2.3,2.7,olahraga,dapat uang,4,1
8.8,2,Tidak,Tidak,3,1.6,1.5,kerja,dapat uang,4,1
8.3,0,Ya,Tidak,3,1.9,4.1,masak,ketiban sial,4,4
7.4,5,Ya,Ya,5,2.4,9.4,jalan-jalan,dapat uang,4,0
5.3,5,Ya,Ya,3,1.2,7.0,kerja,jadian,4,1
4.7,5,Tidak,Tidak,5,1.3,5.8,masak,diputusin,4,2
9.0,1,Ya,Ya,1,0.8,5.3,meeting,kena sial,4,4
7.0,3,Tidak,Ya,5,3.5,4.1,meeting,nyaman,4,0
7.8,2,Ya,Tidak,4,1.8,1.6,kencan,kena sial,4,1
7.0,3,Ya,Ya,3,3.3,0.7,olahraga,mual,4,0
5.3,4,Ya,Tidak,5,1.1,4.5,hobi,dapat gaji,4,1
7.2,3,Ya,Ya,2,1.9,9.0,masak,-,4,3
6.9,0,Ya,Ya,2,2.4,1.2,masak,banyak tugas,4,4
5.4,3,Tidak,Ya,5,0.9,2.5,dating,bahagia,4,0
4.5,5,Ya,Ya,4,1.8,4.6,kerja,senang,4,0
5.0,4,Tidak,Ya,3,1.8,4.8,scroll hp,dapat uang,4,1
6.9,4,Tidak,Ya,1,1.4,1.1,kerja,sakit gigi,4,2
7.0,5,Ya,Ya,5,1.7,8.7,nonton,banyak tugas,4,3
7.3,4,Tidak,Ya,2,3.3,5.5,nugas,senang,4,1
7.4,2,Ya,Tidak,1,3.3,4.8,nonton,mual,4,3
9.0,0,Tidak,Ya,2,2.0,5.6,olahraga,happy,4,2
4.8,4,Ya,Tidak,5,2.3,7.2,meeting,nyaman,4,2
8.7,1,Ya,Tidak,5,3.2,3.0,nugas,sial,4,4
5.1,2,Tidak,Tidak,3,2.4,2.4,kerja,banyak tugas,4,2
6.8,0,Ya,Tidak,2,3.1,1.2,nonton,sakit perut,4,4
4.1,5,Ya,Tidak,4,2.8,9.3,jalan-jalan,nyaman,4,0
6.0,4,Ya,Tidak,3,0.6,3.6,kerja,nyaman,4,2
7.6,2,Tidak,Ya,1,3.5,4.6,nugas,mimpi buruk,4,4
8.6,4,Tidak,Tidak,3,3.0,3.5,masak,senang,4,0
7.5,4,Ya,Tidak,4,1.8,1.7,hobi,sakit perut,4,0
8.2,2,Tidak,Tidak,5,1.8,3.2,dating,dapat uang,4,1
7.4,4,Ya,Tidak,2,3.2,5.0,kencan,dapat gaji,4,0
7.2,2,Tidak,Ya,2,3.4,1.4,olahraga,sakit kepala,4,2
4.2,3,Tidak,Ya,4,2.8,6.3,tiduran,senang,4,0
8.1,4,Ya,Tidak,4,3.2,4.6,dating,galau,4,0
7.8,5,Ya,Tidak,4,2.8,3.1,dating,banyak tugas,4,0
7.6,1,Ya,Ya,5,1.5,3.1,jalan-jalan,diputusin,4,4
7.5,5,Tidak,Tidak,3,1.7,2.5,kerja,ketiban sial,4,1
8.5,4,Tidak,Tidak,5,0.6,9.5,kerja,happy,4,4
8.3,3,Ya,Tidak,5,2.7,5.6,olahraga,galau,4,1
6.2,0,Ya,Tidak,4,2.5,4.2,jalan-jalan,sial,4,2
6.7,3,Tidak,Ya,1,2.5,6.1,dating,kena sial,4,2
5.3,2,Tidak,Tidak,4,1.5,2.5,nugas,banyak tugas,4,3
6.4,5,Ya,Ya,3,3.5,5.6,meeting,mimpi buruk,4,0
8.7,1,Ya,Tidak,2,2.4,8.5,meeting,nyaman,4,3
6.8,1,Ya,Ya,3,1.3,4.9,jalan-jalan,sakit hati,4,4
6.9,2,Tidak,Ya,4,3.2,6.0,scroll hp,mual,4,4
7.3,0,Tidak,Ya,4,1.5,5.3,hobi,happy,4,2
7.5,3,Tidak,Tidak,3,2.1,2.2,hobi,mual,4,0
7.3,2,Tidak,Ya,2,3.1,0.8,masak,galau,4,3
5.4,4,Ya,Ya,1,1.3,7.2,olahraga,bahagia,4,2
6.0,1,Tidak,Tidak,4,2.2,3.4,tiduran,sakit perut,4,3
5.7,5,Ya,Ya,2,1.4,4.8,masak,nyaman,4,1
5.0,5,Tidak,Ya,5,2.7,5.1,olahraga,sakit hati,4,0
5.8,2,Ya,Ya,3,2.1,0.6,kencan,sakit hati,4,2
7.2,3,Tidak,Tidak,3,0.5,1.5,dating,jadian,4,0
4.9,0,Ya,Tidak,1,3.1,2.9,dating,banyak tugas,4,4
6.9,5,Tidak,Ya,5,0.9,1.0,olahraga,nyaman,4,0
7.0,4,Tidak,Tidak,4,2.1,2.6,nonton,bahagia,4,0
5.5,4,Ya,Ya,1,3.4,1.1,nugas,dapat gaji,4,1
5.2,5,Ya,Tidak,1,3.1,3.2,meeting,mual,4,2
8.0,4,Tidak,Ya,3,2.2,7.6,dating,sakit hati,4,1
8.7,4,Ya,Tidak,5,1.8,5.6,tiduran,jadian,4,1
7.0,0,Ya,Tidak,5,3.4,1.4,nonton,mimpi buruk,4,4
7.8,1,Ya,Tidak,3,2.5,5.0,meeting,gajian,4,1
8.8,3,Ya,Tidak,1,1.5,3.8,hobi,gajian,4,0
7.1,0,Tidak,Tidak,3,2.1,2.4,scroll hp,-,4,2
8.9,4,Ya,Tidak,3,2.6,8.1,scroll hp,diputusin,4,3
9.0,0,Tidak,Tidak,2,0.9,4.9,kencan,galau,4,4
8.3,3,Tidak,Tidak,5,1.5,5.6,masak,ketiban sial,4,3
8.9,1,Ya,Tidak,4,1.2,5.9,tiduran,gajian,4,2
7.5,3,Tidak,Ya,2,2.5,4.2,jalan-jalan,sakit gigi,4,1
8.3,3,Ya,Tidak,1,3.2,1.4,meeting,sakit kepala,4,1
4.4,2,Tidak,Tidak,1,2.6,3.7,masak,mendapatkan gaji,4,1
8.0,1,Ya,Tidak,4,2.3,2.2,nonton,sakit kepala,4,2
5.2,5,Tidak,Tidak,1,1.3,2.9,meeting,sakit perut,4,1
8.0,1,Ya,Ya,2,2.4,6.5,nugas,dapat uang,4,4
6.9,5,Tidak,Ya,3,3.2,1.7,olahraga,sakit kepala,4,0
8.8,1,Tidak,Ya,4,1.2,7.7,hobi,-,4,4
6.7,3,Tidak,Tidak,3,2.7,4.0,scroll hp,dapat gaji,4,0
7.2,0,Tidak,Ya,3,3.3,1.8,scroll hp,diputusin,4,4
5.9,2,Tidak,Ya,5,2.7,6.9,hobi,mendapatkan gaji,4,2
8.2,4,Tidak,Ya,1,3.4,4.4,dating,dapat uang,4,0
8.8,3,Ya,Ya,5,1.1,1.4,masak,diputusin,4,2
7.9,1,Ya,Ya,2,2.8,1.2,masak,sakit kepala,4,4
7.9,1,Ya,Ya,3,0.5,6.1,tiduran,bahagia,4,4
7.7,3,Ya,Tidak,5,1.6,4.8,kencan,diputusin,4,2
8.7,0,Tidak,Tidak,5,3.2,7.4,meeting,-,4,4
5.6,1,Tidak,Tidak,5,1.3,1.1,nonton,sakit gigi,4,4
6.1,3,Tidak,Tidak,3,2.7,4.3,meeting,galau,4,1
8.1,4,Tidak,Ya,5,3.4,1.1,hobi,happy,4,0
8.3,5,Tidak,Ya,3,1.4,1.0,nonton,sakit gigi,4,0
8.0,4,Ya,Tidak,5,3.0,9.8,kerja,kena sial,4,4
8.6,2,Tidak,Ya,5,3.1,0.6,jalan-jalan,mendapatkan gaji,4,0
4.5,4,Ya,Tidak,3,1.8,2.5,nugas,jadian,4,1
7.9,4,Ya,Ya,2,3.2,6.2,meeting,banyak tugas,4,3
6.2,3,Ya,Ya,3,1.8,5.1,masak,bahagia,4,0
5.4,5,Ya,Ya,3,2.1,6.1,hobi,sial,4,1
6.5,3,Tidak,Ya,2,1.6,2.2,hobi,mimpi buruk,4,1
6.0,2,Tidak,Ya,4,3.3,2.1,hobi,nyaman,4,0
6.2,3,Tidak,Ya,3,1.7,5.5,masak,kena sial,4,2
6.6,0,Tidak,Ya,3,1.1,5.5,olahraga,nyaman,4,2
7.8,3,Tidak,Tidak,5,3.1,7.0,jalan-jalan,dapat uang,4,0
5.6,3,Ya,Ya,3,1.6,0.9,nonton,sial,4,2
6.3,4,Tidak,Ya,1,2.7,9.6,masak,sial,4,3
6.5,0,Ya,Ya,3,2.9,4.8,kerja,diputusin,4,4
5.8,2,Ya,Tidak,5,2.8,4.2,scroll hp,jadian,4,3
7.3,2,Ya,Ya,4,2.5,3.4,nugas,sakit perut,4,4
7.2,2,Ya,Tidak,5,2.5,8.2,kencan,happy,4,1
4.1,2,Ya,Ya,4,1.1,2.2,jalan-jalan,sakit kepala,4,3
7.0,1,Ya,Tidak,5,3.0,2.0,kerja,bahagia,4,1
8.8,4,Ya,Ya,4,2.7,3.2,nugas,gajian,4,0
5.4,1,Tidak,Ya,2,3.2,3.1,olahraga,dapat uang,4,2
8.7,3,Tidak,Ya,2,2.0,1.0,masak,diputusin,4,1
7.8,3,Ya,Tidak,1,0.5,4.8,olahraga,sakit kepala,4,3
7.6,2,Tidak,Ya,2,2.3,4.6,meeting,dapat gaji,4,2
6.6,2,Ya,Tidak,5,2.1,1.1,dating,mimpi buruk,4,1
7.2,2,Tidak,Ya,1,0.5,2.9,tiduran,dapat gaji,4,3
7.9,5,Tidak,Ya,3,0.9,7.7,meeting,dapat uang,4,1
7.2,1,Ya,Tidak,4,2.8,1.1,olahraga,mimpi buruk,4,1
8.0,0,Tidak,Tidak,4,1.4,3.5,kerja,mendapatkan gaji,4,4
8.5,3,Tidak,Tidak,4,1.1,3.7,scroll hp,bahagia,4,1
5.5,4,Tidak,Tidak,4,1.0,7.3,kerja,happy,4,2
7.2,0,Ya,Ya,3,2.4,1.2,jalan-jalan,sial,4,2
4.2,0,Tidak,Ya,3,2.4,2.7,nonton,sakit kepala,4,4
8.7,2,Tidak,Tidak,2,0.7,4.7,masak,mendapatkan gaji,4,3
5.4,0,Tidak,Ya,5,1.1,0.7,nugas,galau,4,4
5.1,4,Ya,Ya,4,3.2,3.2,jalan-jalan,banyak tugas,4,1
4.9,5,Tidak,Ya,3,0.8,4.7,kencan,sakit perut,4,1
5.2,3,Tidak,Ya,3,2.2,0.7,nonton,banyak tugas,4,0
5.5,5,Ya,Ya,4,2.1,7.3,masak,mendapatkan gaji,4,0
6.2,5,Ya,Ya,5,0.9,5.4,hobi,sakit gigi,4,2
8.2,4,Ya,Tidak,3,1.0,2.0,kencan,sakit hati,4,0
8.2,2,Ya,Tidak,3,3.4,2.4,nonton,sakit perut,4,1
4.5,5,Ya,Tidak,2,3.3,2.1,nonton,mimpi buruk,4,1
8.1,0,Tidak,Ya,5,3.3,1.3,nonton,bahagia,4,2
6.5,5,Tidak,Ya,3,2.4,5.7,meeting,senang,4,0
6.3,5,Tidak,Ya,4,1.8,1.1,masak,sial,4,0
5.6,5,Tidak,Ya,3,3.5,3.5,masak,sakit gigi,4,0
5.6,3,Ya,Ya,2,1.8,1.7,nugas,senang,4,2
6.5,2,Tidak,Ya,4,0.8,5.2,olahraga,mual,4,4
4.2,2,Tidak,Ya,4,3.1,5.2,scroll hp,bahagia,4,2
8.4,5,Tidak,Ya,1,1.7,4.0,nonton,sakit perut,4,2
5.8,2,Tidak,Ya,5,2.0,1.2,jalan-jalan,nyaman,4,0
5.6,4,Tidak,Tidak,5,1.7,3.5,kencan,sakit gigi,4,2
6.7,5,Tidak,Tidak,1,1.9,5.8,meeting,nyaman,4,0
8.9,4,Tidak,Tidak,1,3.2,3.4,meeting,mual,4,2
6.9,5,Tidak,Ya,5,1.9,1.0,meeting,diputusin,4,1
6.9,5,Tidak,Ya,3,0.6,1.5,hobi,ketiban sial,4,0
6.5,4,Ya,Ya,1,3.1,9.2,kencan,jadian,4,0
7.2,5,Tidak,Tidak,2,2.0,3.0,olahraga,sakit hati,4,0
7.9,5,Tidak,Tidak,3,2.6,2.5,kencan,galau,4,0
8.8,0,Tidak,Ya,3,1.8,3.8,olahraga,sakit perut,4,4
8.7,5,Ya,Ya,5,0.8,3.1,kerja,dapat gaji,4,1
6.7,5,Tidak,Ya,2,0.6,8.6,kerja,senang,4,3
8.4,0,Tidak,Tidak,3,2.3,3.3,meeting,sakit perut,4,4
7.2,5,Ya,Ya,3,2.7,2.3,nonton,mendapatkan gaji,4,0
8.1,4,Ya,Ya,1,1.7,3.6,dating,jadian,4,0
4.0,3,Tidak,Ya,3,2.8,2.7,nugas,mendapatkan gaji,4,0
7.2,2,Tidak,Ya,2,1.2,4.0,dating,sial,4,4
6.1,4,Ya,Ya,2,2.8,9.2,kencan,dapat uang,4,0
4.4,4,Ya,Ya,5,3.0,1.6,jalan-jalan,jadian,4,0
7.7,4,Ya,Ya,1,1.8,1.2,dating,mimpi buruk,4,1
6.0,1,Tidak,Tidak,4,3.4,7.8,dating,senang,4,1
5.9,5,Tidak,Ya,2,3.1,9.7,jalan-jalan,sakit perut,4,1
6.1,3,Ya,Tidak,3,1.2,8.3,olahraga,nyaman,4,0
4.2,5,Ya,Ya,1,2.8,4.5,scroll hp,nyaman,4,1
5.1,0,Tidak,Tidak,2,3.5,1.8,olahraga,sakit hati,4,2
8.4,5,Ya,Ya,3,1.7,5.5,meeting,dapat gaji,4,0
8.8,4,Ya,Tidak,3,1.7,5.5,meeting,banyak tugas,4,2
8.6,2,Ya,Tidak,2,2.7,1.4,hobi,dapat gaji,4,0
7.0,0,Ya,Tidak,5,1.1,8.8,olahraga,jadian,4,4
5.8,3,Tidak,Ya,4,2.9,4.9,masak,jadian,4,0
5.6,3,Tidak,Tidak,5,1.2,5.9,dating,mendapatkan gaji,4,0
7.7,3,Ya,Tidak,2,2.9,2.1,jalan-jalan,sakit perut,4,0
9.0,0,Ya,Ya,1,3.0,5.5,hobi,sakit kepala,4,4
4.3,1,Ya,Tidak,3,2.0,0.6,meeting,gajian,4,1
4.4,3,Tidak,Ya,2,1.2,4.9,meeting,mendapatkan gaji,4,1
4.5,3,Ya,Ya,1,1.9,4.1,dating,bahagia,4,1
8.6,5,Ya,Ya,5,3.2,9.3,masak,-,4,1
6.9,5,Ya,Ya,3,3.3,8.3,nonton,senang,4,0
5.9,5,Tidak,Ya,1,3.5,1.8,scroll hp,bahagia,4,0
8.2,2,Tidak,Tidak,5,2.3,6.2,kerja,mendapatkan gaji,4,3
7.6,0,Tidak,Tidak,2,1.6,3.0,masak,nyaman,4,4
4.5,2,Ya,Ya,1,2.8,4.7,jalan-jalan,bahagia,4,2
6.8,4,Ya,Tidak,3,0.6,4.4,hobi,-,4,1
5.5,3,Ya,Ya,5,2.7,7.9,meeting,senang,4,2
5.5,3,Tidak,Tidak,3,2.4,3.7,hobi,mendapatkan gaji,4,0
8.9,1,Tidak,Tidak,2,2.3,3.4,jalan-jalan,senang,4,1
8.8,2,Ya,Tidak,5,2.4,7.5,hobi,galau,4,3
8.1,3,Ya,Ya,2,3.3,4.0,tiduran,dapat uang,4,0
6.7,5,Ya,Ya,3,0.6,4.5,olahraga,dapat gaji,4,0
4.8,4,Tidak,Tidak,4,3.5,0.9,scroll hp,-,4,0
4.5,1,Ya,Tidak,5,2.1,5.4,masak,senang,4,3
6.3,5,Ya,Tidak,3,2.0,6.1,scroll hp,sakit hati,4,2
6.1,0,Tidak,Tidak,2,3.3,1.6,masak,dapat uang,4,2
7.9,4,Tidak,Tidak,4,1.9,5.1,scroll hp,sakit hati,4,3
4.2,5,Ya,Ya,1,3.0,1.6,kencan,kena sial,4,0
7.8,0,Ya,Tidak,5,2.9,6.0,masak,ketiban sial,4,4
6.3,2,Tidak,Tidak,3,2.0,6.9,nonton,nyaman,4,1
5.7,3,Ya,Ya,3,2.9,6.4,masak,nyaman,4,1
5.5,1,Tidak,Ya,4,0.9,4.0,nonton,senang,4,4
4.9,3,Tidak,Ya,1,3.1,6.4,olahraga,senang,4,0
6.0,3,Ya,Ya,4,3.0,4.4,nonton,-,4,0
5.5,2,Tidak,Ya,4,1.4,2.6,nonton,nyaman,4,1
7.9,2,Ya,Tidak,4,2.8,5.6,scroll hp,mendapatkan gaji,4,1
7.8,2,Tidak,Ya,3,0.6,8.8,dating,nyaman,4,3
8.1,0,Ya,Tidak,5,2.1,5.9,tiduran,sakit hati,4,4
5.2,5,Tidak,Ya,4,1.2,3.6,nonton,mendapatkan gaji,4,0
7.1,3,Tidak,Tidak,1,2.4,4.8,tiduran,happy,4,0
6.0,3,Tidak,Tidak,3,2.0,8.3,kencan,mual,4,1
8.4,2,Tidak,Ya,1,1.6,1.4,kerja,senang,4,3
7.3,5,Ya,Ya,1,1.1,1.4,kencan,dapat gaji,4,0
4.3,4,Tidak,Ya,4,2.5,0.6,meeting,sakit kepala,4,0
7.1,3,Ya,Ya,1,0.8,8.7,nonton,senang,4,3
8.8,2,Ya,Tidak,1,1.2,8.0,tiduran,-,4,4
8.2,5,Ya,Tidak,5,1.1,8.8,nugas,mendapatkan gaji,4,2
5.9,4,Tidak,Ya,2,2.1,4.5,kerja,mual,4,3
7.7,0,Ya,Tidak,1,0.9,0.6,masak,sakit gigi,4,4
6.6,5,Ya,Ya,3,1.6,3.0,masak,bahagia,4,0
6.6,2,Tidak,Tidak,1,2.2,7.3,kencan,happy,4,1
5.2,5,Tidak,Ya,5,3.0,3.5,kencan,dapat gaji,4,0
4.4,3,Tidak,Ya,5,1.1,0.6,dating,happy,4,0
9.0,1,Ya,Ya,2,2.1,7.5,hobi,-,4,4
6.7,5,Ya,Tidak,3,3.1,8.5,tiduran,sakit hati,4,1
8.6,4,Ya,Ya,4,3.2,4.4,kencan,sakit kepala,4,0
4.4,4,Ya,Tidak,2,2.5,1.1,nugas,jadian,4,1
8.6,3,Tidak,Tidak,3,2.7,7.2,olahraga,banyak tugas,4,1
8.7,1,Ya,Ya,2,2.3,7.9,dating,dapat uang,4,3
6.0,4,Tidak,Tidak,4,2.8,3.9,nugas,nyaman,4,0
4.5,5,Ya,Ya,5,2.6,3.4,masak,sakit kepala,4,2
7.6,2,Tidak,Ya,3,0.6,4.3,kerja,senang,4,3
6.3,1,Ya,Ya,2,0.7,1.7,hobi,happy,4,3
8.5,2,Ya,Tidak,1,3.3,1.7,tiduran,senang,4,0
8.4,0,Tidak,Tidak,3,2.4,6.3,kencan,gajian,4,2
4.3,2,Ya,Ya,5,1.8,4.1,hobi,happy,4,3
6.7,3,Tidak,Tidak,3,2.2,3.8,jalan-jalan,-,4,0
5.6,1,Ya,Tidak,3,2.9,0.8,kencan,happy,4,0
5.8,1,Ya,Tidak,3,2.3,2.2,nonton,mual,4,3
4.3,4,Tidak,Ya,1,2.1,2.6,jalan-jalan,jadian,4,0
8.6,2,Ya,Tidak,2,0.9,1.1,scroll hp,happy,4,3
7.5,5,Tidak,Ya,3,0.8,4.3,jalan-jalan,bahagia,4,0
8.6,4,Ya,Tidak,4,2.2,2.6,tiduran,banyak tugas,4,0
5.2,2,Tidak,Tidak,1,3.2,2.1,kerja,galau,4,2
7.5,2,Ya,Tidak,1,0.8,2.9,dating,bahagia,4,1
8.8,3,Tidak,Ya,5,1.6,5.2,dating,mual,4,2
5.7,3,Tidak,Tidak,1,0.7,2.0,tiduran,-,4,2
6.2,5,Ya,Ya,2,3.2,2.1,masak,ketiban sial,4,0
6.0,4,Tidak,Tidak,3,2.7,7.4,olahraga,nyaman,4,0
4.2,4,Tidak,Ya,1,2.0,5.7,hobi,banyak tugas,4,1
8.1,5,Ya,Ya,1,1.1,6.2,meeting,sakit hati,4,3
6.4,0,Tidak,Ya,4,1.7,3.4,meeting,sakit perut,4,4
8.2,4,Ya,Tidak,1,2.8,1.1,kencan,bahagia,4,0
8.9,4,Tidak,Tidak,4,0.7,2.7,nonton,diputusin,4,2
6.4,0,Ya,Ya,1,3.1,4.3,dating,kena sial,4,4
8.9,1,Ya,Ya,4,1.8,1.7,nonton,galau,4,4
8.6,0,Tidak,Tidak,5,2.2,1.3,kencan,dapat uang,4,0
8.6,0,Tidak,Ya,5,2.4,8.0,hobi,sakit kepala,4,4
6.8,4,Ya,Tidak,1,3.3,7.7,kencan,happy,4,0
8.4,2,Tidak,Ya,5,2.0,4.1,jalan-jalan,galau,4,3
4.7,4,Tidak,Ya,4,1.7,7.0,kerja,gajian,4,1
5.7,2,Ya,Ya,1,3.0,3.5,nugas,dapat uang,4,4
5.9,4,Tidak,Tidak,4,3.4,4.7,jalan-jalan,galau,4,0
7.7,5,Ya,Ya,1,0.6,1.4,olahraga,mendapatkan gaji,4,0
5.1,4,Tidak,Tidak,3,1.4,8.1,masak,dapat uang,4,1
5.3,3,Tidak,Ya,5,2.1,3.4,kerja,sakit gigi,4,3
7.4,3,Tidak,Tidak,3,3.5,1.1,meeting,mendapatkan gaji,4,0
7.6,5,Tidak,Tidak,4,1.4,5.2,tiduran,mimpi buruk,4,1
8.7,2,Tidak,Tidak,2,1.2,6.7,masak,happy,4,3
4.6,5,Ya,Ya,1,1.4,4.1,olahraga,jadian,4,0
8.9,3,Ya,Tidak,2,3.1,1.9,masak,mendapatkan gaji,4,0
8.9,2,Ya,Ya,3,0.5,6.5,nonton,kena sial,4,4
7.9,0,Tidak,Tidak,4,1.8,1.7,dating,senang,4,0
4.0,4,Tidak,Ya,1,1.6,2.4,kerja,dapat gaji,4,0
7.5,2,Tidak,Ya,5,0.8,3.5,scroll hp,mimpi buruk,4,4
8.7,3,Tidak,Ya,3,2.3,7.4,masak,gajian,4,0
7.8,1,Ya,Ya,4,3.3,9.5,olahraga,sakit kepala,4,4
7.7,4,Tidak,Tidak,1,0.9,5.3,kencan,sial,4,3
7.3,2,Ya,Ya,4,2.6,6.4,nugas,nyaman,4,3
6.5,4,Ya,Tidak,5,1.3,2.4,tiduran,bahagia,4,0
5.5,0,Tidak,Ya,4,3.2,5.7,kerja,-,4,4
6.3,0,Tidak,Tidak,3,3.1,8.2,hobi,nyaman,4,2
5.3,5,Ya,Tidak,2,2.9,1.4,hobi,dapat uang,4,0
4.5,4,Ya,Tidak,4,2.2,5.1,masak,sial,4,2
6.2,0,Ya,Tidak,5,1.4,3.0,kencan,sakit gigi,4,4
7.4,4,Tidak,Tidak,2,2.5,1.4,meeting,dapat gaji,4,0
7.2,1,Ya,Ya,5,2.2,8.5,meeting,kena sial,4,4
8.3,1,Tidak,Tidak,2,2.0,1.2,kerja,sakit gigi,4,4
6.0,1,Tidak,Ya,5,1.8,1.2,dating,dapat uang,4,2
8.1,4,Ya,Tidak,5,2.4,9.7,masak,happy,4,1
8.1,1,Tidak,Tidak,5,1.5,8.5,tiduran,dapat uang,4,4
4.6,5,Tidak,Ya,3,1.5,2.6,kerja,kena sial,4,1
4.5,4,Ya,Tidak,4,0.9,2.4,olahraga,jadian,4,0
4.5,3,Ya,Tidak,5,2.4,0.9,dating,dapat gaji,4,0
6.9,4,Ya,Tidak,5,2.0,1.8,nonton,gajian,4,0
7.0,2,Ya,Tidak,5,1.7,5.3,hobi,jadian,4,1
7.2,1,Ya,Ya,3,2.6,2.5,kencan,sakit perut,4,2
7.6,2,Tidak,Tidak,4,2.2,5.8,kerja,sakit gigi,4,2
7.5,2,Tidak,Ya,3,2.1,2.4,nonton,dapat gaji,4,0
7.7,4,Ya,Tidak,3,2.0,4.2,hobi,bahagia,4,0
8.8,5,Tidak,Ya,1,2.2,3.5,nonton,dapat uang,4,0
8.6,5,Ya,Ya,5,1.6,7.2,nugas,dapat uang,4,2
8.9,0,Ya,Tidak,5,1.0,2.3,kerja,bahagia,4,4
7.9,5,Tidak,Ya,4,2.5,6.3,tiduran,jadian,4,0
8.8,4,Tidak,Ya,4,2.0,1.1,masak,diputusin,4,0
7.3,2,Tidak,Ya,5,1.2,3.9,scroll hp,dapat gaji,4,4
6.2,5,Tidak,Tidak,1,2.4,6.3,scroll hp,senang,4,1
5.3,5,Tidak,Tidak,3,3.2,3.2,kerja,sakit hati,4,1
6.6,0,Ya,Ya,5,3.4,2.1,olahraga,dapat gaji,4,2
8.3,3,Ya,Ya,4,1.1,8.4,kerja,dapat uang,4,1
7.5,0,Tidak,Ya,3,2.0,3.9,nugas,dapat uang,4,4
6.0,5,Ya,Tidak,2,1.0,0.8,kencan,sakit hati,4,0
8.8,1,Ya,Ya,3,3.2,3.3,scroll hp,mimpi buruk,4,4
6.9,3,Ya,Tidak,3,3.3,5.6,olahraga,bahagia,4,0
8.5,4,Tidak,Ya,5,1.1,1.9,scroll hp,kena sial,4,3
8.3,4,Ya,Tidak,3,2.1,4.9,scroll hp,ketiban sial,4,2
8.5,2,Ya,Tidak,3,1.5,5.1,masak,bahagia,4,1
4.8,2,Tidak,Tidak,4,1.2,2.8,jalan-jalan,dapat gaji,4,0
7.7,3,Tidak,Ya,3,1.6,4.9,jalan-jalan,mendapatkan gaji,4,0
8.2,1,Ya,Ya,1,1.1,9.0,kencan,mendapatkan gaji,4,4
8.1,4,Tidak,Tidak,1,2.3,4.3,meeting,sakit kepala,4,2
6.8,4,Tidak,Ya,4,3.4,6.8,olahraga,gajian,4,0
4.3,2,Tidak,Tidak,5,2.5,2.7,dating,dapat uang,4,0
6.0,2,Ya,Ya,5,1.9,5.1,dating,kena sial,4,4
4.4,5,Tidak,Ya,2,1.0,3.2,meeting,diputusin,4,2
8.1,5,Ya,Ya,4,2.5,1.6,meeting,bahagia,4,0
7.0,4,Ya,Ya,3,3.1,6.6,dating,sial,4,1
8.3,1,Ya,Tidak,2,1.7,2.6,jalan-jalan,dapat gaji,4,1
6.6,4,Ya,Ya,5,3.0,7.0,dating,sial,4,2
8.4,4,Ya,Ya,4,0.9,5.3,meeting,mendapatkan gaji,4,1
6.6,2,Ya,Tidak,4,2.6,8.8,hobi,happy,4,0
6.9,5,Ya,Tidak,5,3.0,9.1,jalan-jalan,galau,4,1
7.5,0,Tidak,Ya,1,0.9,6.0,tiduran,jadian,4,4
5.8,1,Tidak,Tidak,3,2.3,4.5,nonton,galau,4,3
9.0,3,Tidak,Ya,5,1.7,7.7,masak,sakit perut,4,4
7.9,1,Ya,Ya,3,2.0,1.5,hobi,mendapatkan gaji,4,0
8.0,1,Ya,Tidak,1,2.3,5.0,olahraga,happy,4,1
4.4,0,Tidak,Ya,4,3.3,7.4,jalan-jalan,mendapatkan gaji,4,2
5.8,5,Tidak,Tidak,3,1.0,0.5,meeting,senang,4,0
8.6,2,Ya,Tidak,2,2.9,3.8,hobi,mual,4,2
8.8,4,Tidak,Tidak,4,2.2,8.2,olahraga,jadian,4,0
8.8,3,Tidak,Ya,1,3.2,7.0,nugas,banyak tugas,4,4
4.0,2,Ya,Ya,3,0.8,2.9,dating,jadian,4,2
5.1,4,Tidak,Ya,2,3.3,3.1,olahraga,diputusin,4,1
7.1,4,Tidak,Tidak,3,3.0,9.6,nonton,galau,4,2
6.5,4,Ya,Ya,5,1.2,3.2,kencan,bahagia,4,0
8.7,0,Tidak,Ya,2,1.7,5.3,tiduran,sakit gigi,4,4
5.6,0,Ya,Tidak,5,1.1,0.6,masak,sial,4,4
8.3,1,Tidak,Tidak,4,1.2,5.7,jalan-jalan,gajian,4,1
4.7,5,Tidak,Tidak,2,2.9,1.9,jalan-jalan,mendapatkan gaji,4,0
6.6,5,Ya,Tidak,3,2.0,3.5,scroll hp,kena sial,4,1
4.3,2,Tidak,Tidak,4,2.4,5.0,masak,happy,4,0
6.8,2,Ya,Ya,3,1.7,3.8,nugas,happy,4,3
7.4,3,Tidak,Tidak,1,1.8,7.9,dating,mendapatkan gaji,4,1
8.8,1,Tidak,Ya,4,3.3,6.6,scroll hp,kena sial,4,4
5.1,2,Tidak,Tidak,5,2.6,6.7,dating,happy,4,1
8.7,5,Ya,Ya,4,1.1,7.6,scroll hp,gajian,4,1
4.1,3,Tidak,Ya,1,3.5,5.5,scroll hp,mendapatkan gaji,4,1
6.3,4,Ya,Tidak,2,2.1,9.4,meeting,mendapatkan gaji,4,1
8.4,3,Tidak,Tidak,3,2.4,5.5,kencan,diputusin,4,0
8.0,3,Tidak,Ya,2,1.7,3.4,kerja,sakit gigi,4,4
8.0,4,Tidak,Tidak,5,1.7,4.0,olahraga,kena sial,4,2
7.6,5,Ya,Tidak,3,1.6,4.2,meeting,diputusin,4,1
6.6,4,Tidak,Tidak,3,2.6,8.2,olahraga,banyak tugas,4,1
4.9,2,Tidak,Tidak,4,1.9,1.5,olahraga,jadian,4,0
7.6,1,Tidak,Tidak,2,0.5,1.4,nugas,gajian,4,4
9.0,3,Ya,Ya,1,0.6,7.1,nugas,senang,4,4
6.7,1,Ya,Ya,4,3.0,2.3,tiduran,diputusin,4,3
7.9,3,Tidak,Ya,2,3.5,2.8,kencan,dapat gaji,4,0
6.4,5,Ya,Ya,2,3.3,9.6,nugas,gajian,4,1
5.9,0,Tidak,Ya,5,2.0,2.9,kerja,happy,4,2
6.4,2,Tidak,Ya,3,2.9,9.8,kerja,senang,4,3
8.5,3,Tidak,Ya,5,2.2,7.2,nonton,kena sial,4,3
5.6,3,Ya,Ya,5,3.0,3.1,kencan,sakit kepala,4,2
5.5,2,Tidak,Ya,5,1.9,5.6,kerja,sial,4,4
7.6,5,Tidak,Ya,2,3.0,9.7,nonton,sakit hati,4,2
6.0,2,Ya,Ya,1,2.1,1.5,jalan-jalan,mimpi buruk,4,2
4.5,1,Tidak,Tidak,4,2.2,1.4,kerja,happy,4,0
8.1,5,Ya,Ya,5,2.4,1.1,nugas,banyak tugas,4,1
8.8,0,Ya,Ya,4,1.2,1.5,kencan,dapat gaji,4,2
6.9,1,Tidak,Tidak,1,2.2,5.8,tiduran,dapat gaji,4,2
6.1,0,Tidak,Ya,4,1.0,2.1,kencan,sial,4,4
8.7,2,Tidak,Tidak,3,3.5,5.7,tiduran,jadian,4,0
7.0,4,Tidak,Tidak,5,1.6,5.7,dating,dapat uang,4,0
8.8,0,Ya,Ya,5,3.4,7.4,nugas,-,4,4
8.9,1,Ya,Ya,3,0.6,8.6,kerja,dapat uang,4,4
5.3,4,Ya,Tidak,3,1.3,2.9,nonton,ketiban sial,4,2
7.7,5,Ya,Tidak,4,1.9,3.6,kerja,mual,4,1
7.9,2,Ya,Ya,4,3.0,3.8,tiduran,mendapatkan gaji,4,1
7.2,5,Tidak,Ya,1,1.4,4.1,masak,sakit gigi,4,2
4.7,2,Tidak,Tidak,1,2.2,1.3,scroll hp,senang,4,1
6.5,5,Ya,Tidak,5,0.9,1.7,hobi,mendapatkan gaji,4,0
6.9,4,Ya,Ya,2,2.7,6.4,nugas,bahagia,4,2
7.4,4,Tidak,Tidak,4,2.5,1.4,olahraga,jadian,4,0
5.7,5,Tidak,Ya,3,1.4,0.7,dating,mimpi buruk,4,0
5.0,2,Ya,Ya,1,2.7,2.0,olahraga,sial,4,3
8.3,2,Tidak,Tidak,1,2.6,0.6,dating,-,4,0
5.7,5,Tidak,Tidak,5,1.1,5.6,nonton,sakit kepala,4,2
7.5,5,Ya,Tidak,5,2.2,0.7,jalan-jalan,mimpi buruk,4,0
7.3,5,Tidak,Ya,3,0.8,3.9,hobi,sakit gigi,4,1
